Romanized,Title,Year,Translated,Production,Colour,Special Aspects,Director,Scriptwriter,Actors/Actresses,Other Staff,Plot
ye lai feng yu sheng,夜来风雨声,1949,A Rainy Night,新时代影业公司 (Hong Kong),B&W,Has digital video,裴冲,叶逸芳,王丹凤 / 严俊 / 罗兰 / 方伯 / 殷秀岑 / 梅邨,陈震祥 (摄影),少女林晚霞与中年男子赵伯翔相恋，伯翔乃有妇之夫，晚霞毫不知情。伯翔欲与妻子郑丽明离婚，丽明欲自杀，幸被其兄救起。晚霞得知非常震惊和自责，毅然返回家乡。伯翔紧追不舍，晚霞由于心软重入情网，不久二人结婚。伯翔因贪财将已有身孕的晚霞抛弃，与富家女钱三小姐去了香港。晚霞生下一女，但不久即因营养不良而夭折。晚霞悲痛欲绝，在雪地里狂奔而晕倒。伯翔因无法忍受钱三小姐的玩弄而归来，晚霞却已撒手人寰。
sen lin da xue an,森林大血案,1949,The Murder in The Forest,中企影艺社,B&W,,岳枫,汪露,罗兰 / 关宏达 / 井淼 / 项堃 / 严俊 / 汪漪,马绍俊 (监制) / 石凤歧 (摄影) / 黄力加 (录音) / 张汉臣 (布景) / 朱德熊 (美术) / 黄炳希 (美术) / 黄贻钧 (音乐) / 高慧绪 (剪辑) / 桂芳振 (洗印) / 李斌 (洗印) / 陈述义 (剧务主任) / 田志高 (化妆) / 钱章雄 (道具) / 桑克振 (道具) / 何菊良 (服装) / 陈达卿 (场记) / 朱泉根 (场务),郊外的密林中惊现女尸，警察局长请已退休的老探长郭震中负责侦破。震中不愿再见血腥，便推荐了年轻有为的职业侦探邬少卿。谁料不久以后，震中之子郭少华竟被邬少卿以涉嫌杀人的罪名逮捕。震中知道儿子无辜，便开始暗中调查取证。真相渐渐暴露，原来被害少女白玉英是海外巨商唐启昌后代，启昌留下遗嘱将财产交给国内的后代继承，邬少卿兄妹为冒领遗产将玉英杀害。邬少卿在与警察的激战中中弹死去，其妹受伤投降，供出了杀人冒领的犯罪事实，郭少华也被无罪释放。
han shan si zhong sheng,寒山寺钟声,1949,Bells in Hanshan Temple,中企影艺社,B&W,,孙敬,方泓,欧阳莎菲 / 毛燕华 / 高博 / 卫禹平 / 蓝莺莺,马绍俊 (监制) / 陈述义 (副导演) / 戴伦 (剧务主任) / 黄贻钧 (音乐) / 董绍泳 (摄影) / 王白山 (摄影) / 曹江 (摄影助理) / 黄力加 (录音) / 左杰 (录音) / 李宝山 (录音助理) / 陈述篯 (录音助理) / 朱叶 (布景) / 黄炳希 (布景) / 孟斐 (美术) / 高慧绪 (剪辑) / 吴鼎元 (洗印) / 李斌 (洗印) / 唐力 (剧务) / 李根泉 (剧务) / 田志高 (化妆) / 安剑青 (场记) / 钱章雄 (道具) / 桑克振 (道具) / 何菊良 (服装) / 吴祖同 (服装),月夜，热心的船夫载着一名病重的少妇到寒山寺，请寺里的胡老医生帮助诊治。少妇拒绝治疗，只将一本日记交与胡老医生请他代为收藏。寺中还住着一名性情孤僻的中年人刘秉松，老医生看了日记十分感慨，不由来到刘的房间。酒过三巡，刘乘着酒意讲了自己的故事。两年之前刘与妻子的结婚纪念日那天，幼时朋友李云川突然来到。李云川讲了自己的爱情故事，故事的女主角竟然是刘的妻子。刘十分痛苦地选择了离开。老医生突然发现这与少妇所写的日记讲的是同一个故事，只不过少妇与李二人并未结合…
nian nian ru yi,年年如意,1949,Year After Year,华光影业制片厂,B&W,,韩兰根,龚硕平,韩兰根 / 章志直 / 陈嬿 / 关宏达 / 朱月影 / 金川 / 杨诚 / 李黎明 / 傅梅 / 崔碧玉 / 钱步铭 / 马忠英 / 何梅影,高文亮 (监制) / 高鹤鸣 (副导演) / 仲慰 (布景) / 盛余泳 (摄影) / 钱步铭 (剧务) / 申梦世 (制片) / 胡云龙 (场务) / 赵彦 (录音) / 黎锦光 (作曲) / 李厚襄 (作曲),进出口公司职员王筱义虽收入微薄却恪尽职守，同事关宏兴、章锡林暗地做投机生意，获利丰厚。经济不景气导致物价飞涨，筱义为了一家生计只得在工作之余到街上卖面包，因为时常忙到深夜，早上上班迟到便偶有发生，经理吴剑华十分不满，甚至拒绝了筱义一家的拜年。剑华一日外出时忘了拔出保险柜钥匙，筱义发现后寸步不离地守护，剑华感其忠诚，决定寻机重用。政府打击奸商，关、章二人入狱，剑华给筱义升了职。新年又到，筱义夫妇到剑华家拜年受到热情接待，两家人彼此恭贺“年年如意”。
tong xin jie,同心结,1949,Chinese knotting,嘉年影业公司,B&W,,方沛霖,陶秦,关宏达 / 周伯勋 / 乔奇 / 怀锦 / 范莱 / 言慧珠 / 傅惠珍 / 方伯 / 宏霞,吴江海 (录音) / 林圣清 (录音) / 包时 (监制),当红歌星高衣兰每夜都被噩梦折磨，遂到冯老医生处求医。冯推荐她去听青年心理学家林思的学术演讲，林思讲得非常精彩，衣兰却睡着了，后被结束时的掌声惊醒。衣兰到台前向林思询问治疗噩梦的方法，林思不识衣兰，便告诉她可以学着唱唱歌，但不可唱衣兰所唱的那些流行歌曲，因为那些歌只能让人更加郁闷。衣兰以为林思有意奚落自己，大怒而去。林思从冯医生处得知真相，遂打电话道歉，并邀衣兰吃饭以未陪罪，衣兰却故意失约以示报复。
e ren xing,饿人行,1949,March of the Hungry People,嘉年影业公司,B&W,,吴永刚,吴永刚,韩兰根 / 殷秀岑 / 苏芸 / 秦文 / 方伯 / 章志直 / 关宏达,吴承镛 (制片) / 李生伟 (摄影),一个寒冷的冬夜，饥饿的韩阿根藉着炉灰的余温睡在垃圾箱边，他正梦着享受丰盛的晚餐，炉灰的余烬却烧着了他的破裤脚，好梦惊醒。天亮了，韩阿根好不容易找着一根肉骨头，却被野狗抢走。为了争口饭吃，韩阿根与靠替人看相糊口的关铁口发生纠纷，却不打不相识成为朋友。晚上二人从墙上的垃圾洞钻进了富人殷先生的厨房，碰巧殷先生正因病节食，也饿得发慌进了厨房，三人在一起昏头昏脑地吃了一顿，结果自然是韩、关二人被关进监狱。正当二人庆幸在牢中还有饭吃时，却被无罪释放……
nv er chun,女儿春,1951,The Spring of a Woman,Datong Film Company,B&W,,黄汉,赵清阁,王熙春 / 乔奇 / 颜碧丽 / 徐曼 / 宣景琳 / 关宏达 / 凤凰 / 王钧 / 周刍 / 罗静宜 / 田钧 / 费柏青 / 于冲 / 黄耐霜 / 王岚 / 冯奇 / 莫天琴,宋宝琪 (剧务) / 张石川 (制片) / 王士英 (摄影) / 钱金才 (摄影助理) / 姚守清 (录音) / 郑變元 (录音助理) / 吕金松 (技术指导) / 江宝金 (照明) / 姜吉财 (照明) / 李友根 (照明) / 秦朋章 (音乐) / 姚曦白 (布景) / 陈瑞和 (剪辑) / 严兆德 (洗印) / 杭子玉 (洗印) / 萧寿生 (洗印) / 王君华 (摄影) / 宋宝琪 (剧务) / 李开基 (场记) / 陈焰 (化妆) / 薛根宝 (道具) / 刘鸡鸣 (布景) / 徐应生 (场务) / 周阿余 (场务),史良玉是个要求进步的女子，因被投机商人胡元海儒雅的外表迷惑而嫁给了他。抗战胜利后，二人来到上海，胡元海靠做投机生意发了大财，史良玉对此十分不满，二人感情渐远。好友陈云是个进步的新闻工作者，她告诉史良玉一定要有斗争的信心。胡元海元配刘氏、儿子胡建生、儿媳李茗、孙儿小茗和丫头小红突然来到家中，史良玉愤于被骗欲与胡元海离婚，胡元海贿赂法院院长，并威胁史良玉，如不放弃离婚就要以“通共”罪名向陈云下手……
ren shou zhi jian,人兽之间,1950,Humans and Beasts,嘉年影业公司,B&W,,何非光,何非光,石羽 / 白荷 / 李季 / 叶高 / 傅惠珍 / 李静康 / 凌之浩 / 张莺 / 关宏达,,吕彼得长期从事医学试验，因妻子被毒蛇咬死，从此走火入魔。他为在人体中培养毒素以增强抗毒功能，牺牲了许多婴孩的性命，还诱骗了女护士宝凤，毒哑了男佣阿土。丽莺是吕彼得捡来的弃婴，十九年来一直是吕彼得的试验品。医院院长龚钧武的学生乔林与丽莺偶然相识，成为好友。吕彼得为了除掉乔林，假意邀请龚、乔二人到家中吃饭。为防秘密泄漏，吕彼得掐死了宝凤。得阿土帮助，吕彼得阴谋败露。
ren zai wu yan xia,人在屋檐下,1949,Under the Roof,华侨影业公司 (Hong Kong),B&W,,项堃 / 沈西琳,,叶小铿 / 张雁 / 项堃 / 阮斐 / 董霖 / 叶高 / 张立德 / 方伯 / 寇嘉弼 / 梁笃生,李君侠 (监制) / 萧家点 (监制) / 项堃 (制片) / 沈西琳 (制片) / 诗三百 (作词) / 邓尔敬 (作曲),新闻记者郑义感是个有良知的知识分子，报社的主事们却暗地里干着卑鄙勾当。郑义感对此深恶痛绝，但为了家人只得将愤怒藏于心中。因和退伍军人冯伯乐救助了被压迫的戴太太一家人，郑义感被流氓章五怀恨在心。冯伯乐与朋友做着组织穷苦民众离开上海奔向新生活的工作，希望郑义感加入。郑妻却告诉丈夫人在屋檐下哪能不低头，郑义感便欲以自己的方式与特权阶级斗争。由于撰文暴露权贵营私舞弊内幕，郑义感被社长指使章五等人迫害入狱。郑义感这才感到，仅凭个人的抗争不可能取得成功……
nv da heng,女大亨,1950,The Female Tycoon,黎明影业公司,B&W,,徐苏灵,包蕾,张伐 / 童芷苓 / 唐槐秋 / 周伯勋 / 徐缓 / 顾梦鹤 / 沙莉 / 乔奇 / 苏琴 / 田振东 / 何学初 / 张立德 / 丁一 / 田太宣 / 朱月影 / 华臣 / 马斐 / 何剑飞 / 桑克正 / 白明 / 伊纹 / 何真 / 林榛 / 王敏 / 江山,,棉纱厂老板洪发昌因病逝世，留下女儿天霞和甥女小曼。天霞颇有魄力，一方面打消了亲戚们侵吞遗产的野心，一方面抓住了工厂的管理权，并让小曼做助手。天霞设法结交了名人袁先生的太太，并认其为干妈……
tai ping qiao de nu chao,太平桥的怒潮,1949,Anger of Taipingqiao Village,新中华影业公司,B&W,,杨小仲,杨小仲,张翼 / 欧阳莎菲 / 韩兰根 / 吕玉堃 / 杨志卿 / 周起 / 章志直 / 杨芳菁 / 顾梦鹤 / 陶由 / 姜修 / 谭光友,,太平桥是江浙的一个小乡村，因不甘受日寇压迫，青年农民赵大刚逃到游击区打游击。抗战胜利后，大刚满怀希望回到家乡，却发现家中的田地和房屋已被流氓富绅魏仁杰强占。为使父母和未婚妻阿花能过得好一些，大刚只好到魏家做工。魏仁杰之子魏宏道看上了阿花的美貌，强迫阿花给他的太太做女仆，并在一个雷电交加的夜晚将阿花强奸。阿花羞愤难当，投河自尽。大刚抱着阿花的尸体到魏家讨公道，却被魏仁杰以敲诈之罪名关押起来……
jiang cun you xia zhuan,江村游侠传,1951,Story of the Rangers in a Riverside Village,新中华影业公司,B&W,,陈翼青,于亚夫,乔奇 / 王熙春 / 杨志卿 / 章志直 / 陶由 / 张明 / 费柏青 / 周起 / 于冲 / 高笑鸥 / 黄耐霜 / 高扬 / 姜修 / 王桂林 / 杨芳菁 / 洪川,邵子和 (录音) / 顾鸿芳 (出品人),日寇投降后，江巷镇大地主郝福元由维持会长变成镇长，儿子郝金山总揽镇公所事务，侄子郝二虎则担任保卫团长。这一门三霸无恶不作，百姓苦不堪言。郝家总管林顺生之子林大海富有正义感，郝家的粮食和钱款则不翼而飞，只有一张借米警告，百姓们则在断炊之际得到了救命的钱粮。佃户李安发之子铁狗参加了游击队，在镇上执行秘密任务。郝福元怀疑铁狗，将其强行抓去，小凤为逃避郝二虎的强暴向郝金山求助，并借机挑拨二人关系……
da jia huan xi,大家欢喜,1951,And Then Everyone is Happy,新中华影业公司,B&W,,杨小仲,杨小仲,韩兰根 / 殷秀岑 / 杨志卿 / 关宏达 / 张琬 / 顾梦鹤 / 洪警铃 / 章志直 / 何剑飞 / 朱少泉 / 陶由 / 谭光友 / 陈云华 / 杨芳菁,沈维善 (布景) / 李洪泉 (化妆) / 邵子和 (录音) / 顾鸿芳 (出品人) / 陈翼青 (制片) / 陈震祥 (摄影) / 韩杰从 (服装) / 陈甦 (剧务) / 陈蝉 (场记) / 林福增 (美术) / 韦顺宝 (剪辑) / 奚良 (道具) / 杭子玉 (洗印),袁宜斋是南京城有名的富绅，其子袁福成在特务机构担任要职，利用职权挣来了巨大资产。帐房何雨林与家仆袁兴一起，替主子放高利贷。韩小金之父生前借了袁家六石米，五年后就变成了九十六石。为偿还债务，小金只得到袁家照顾痴呆的二少爷福宝，家中母亲托表妹秀珍和朋友小才照顾。因母亲病重，小金无奈偷了袁家的钱，被警察抓进监狱，母亲也急病交加而死。解放后，小金与小才在卫生局清洁处找到了工作，并协助解放军将企图用定时炸弹进行暗杀活动的袁福成一伙一网打尽。
huan nan fu qi,患难夫妻,1950,The Couple in Trouble,惠昌商务有限公司,B&W,,韩兰根,赵锐,张帆 / 韩兰根 / 殷秀岑 / 关宏达 / 陆露明 / 司徒莺 / 章志直 / 洪警铃 / 陶由 / 李明 / 洪川 / 黄耐霜,赵家树 (剪辑) / 林福增 (美术) / 任心良 (录音) / 廖云士 (监制) / 周诗穆 (摄影) / 黎锦光 (作曲),1948年，一个邻近上海的小县。名人苏耀千表面上干着急公好义的事，暗地对贫民实行压榨和迫害。卖糖小贩苏阿根，几年来一直压在苏耀千的高利贷下，他有一个貌美的未婚妻二宝，不想被苏耀千看上。苏耀千用金钱作饵，想让阿根就范，不想反倒促成阿根和二宝提前举行了婚礼。被激怒的苏耀千，使用阴谋害死了阿根的母亲，想置阿根于死地，阿根只得泣别二宝，背井离乡。阿根流浪到上海，无处栖身。告卖血吃了几天饱饭。彷徨在上海街头的阿根，却看到了苏耀千，便跑去报告警察局抓人，哪知财能通神，结果被关的却是自己。1949年5月25日，上海解放了。阿根恢复了自由，苏耀千也受到了制裁。在旧邻居李三嫂的帮助下，阿根与二宝又重逢了。
hun yan da shi,婚姻大事,1950,The Importance of Marriage,惠昌商务有限公司,B&W,,徐昌霖,秦瘦鸥,林杉 / 高占非 / 魏鹤龄 / 袁蓉 / 朱莎 / 路珊 / 王岚 / 周刍 / 张琬 / 冯继雄 / 白荷 / 童芷苓 / 林榛 / 顾兰君,罗从周 (摄影) / 姚守清 (录音) / 廖云士 (制片) / 林福贞 (美术) / 秦鹏章 (作曲) / 陈瑞和 (剪辑) / 张立群 (剪辑),解放前的旧上海，从农村逃出来的童养媳阿荷在张家帮工。张老太太是一位曾经得到“节孝可风”牌匾的老寡妇，她的儿媳香兰也年轻守寡。她的女儿张意琳爱慕虚荣，嫁给官僚施子范后，因忍受不了封建道德的压迫而自杀未遂。张意琳和老太太也被施子范骗去钱财。解放后，施子范受到了人民政府的惩罚，张意琳和他也解除了婚姻关系。阿香也回到了家乡，与心上人终于眷属。
san bai liu shi hang,三百六十行,1950,All Types of Careers are Hopeless for Him,Da Guangming Film Company & Guotai Film Company,B&W,,叶逸芳,叶逸芳,韩兰根 / 殷秀岑 / 仓隐秋 / 章志直 / 司徒莺 / 邹小燕 / 谭光友 / 杨志卿 / 孙敏 / 何剑飞 / 姜修 / 朱少泉 / 陶由,,青年农民小三子因不堪恶霸欺凌，不远千里到上海投奔舅舅王半仙。王半仙收起为人测字的摊子，带着外甥回到家中。家其实就是一个棚屋，住着卖唱的姜大叔及其孙女小英等一大群人。大家虽然很穷，但相处十分融洽。小三子走在大街上，一个人将一包毒品塞到他手上，他成了毒贩替罪羊被抓进监狱。谁知监狱人满不患，不得不释放一批囚犯，小三子重获自由。小三子开始尝试各种工作，但七、八行做下来，不是受骗就是上当，小三子绝望了。
shuo huang de zhang fu,说谎的丈夫,1950,A Lying Husband,东华影业公司,B&W,,叶逸芳,叶逸芳,华香琳 / 乔奇 / 杨志卿 / 张翠英 / 关宏达 / 罗玲 / 仓隐秋 / 陆露明,,林丽华母亲早逝，父亲是名医术高超的医生。丽华与张小君定婚那天，小君见丽华的一位女同学长得十分漂亮，便多看了两眼。小君的表情被林父看到，为了丽华一生幸福，林父决定实施一个计划，并取得了丽华的理解和配合。不久小君得知丽华因车祸脸部受伤，伤好后也会十分丑陋。小君坚决地表示自己爱的是小君的人而不是脸，二人顺利结了婚。小君发现一个女人长得酷似未毁容的丽华，便每天都去看她，对妻子自然只有一个谎言接着一个谎言。
yin yang jie,阴阳界,1951,The Two Worlds,东华影业公司,B&W,,孙敬,,童芷苓 / 杨志卿 / 徐琴芳 / 于冲 / 关宏达 / 岳麟 / 耿琳 / 丁虹 / 丁瑛 / 华华,叶逸芳 (制片),上海解放，市民们无不欢欣鼓舞。工厂主钱柏年将厂子关掉，又将家中客厅隔成小间准备出租。妻子和小女铭珠对其做法不以为然，长女蕙珠则与唐柏年过去的秘书、跑到香港躲债归来的唐立明串通，引得钱柏年到香港投资。在香港，钱柏年被唐立明伙同朱夫人等骗去钱财，蕙珠则被骗失身。钱太太和铭珠卖掉洋房盘活了工厂，生产进行顺利。钱柏年与蕙珠十分后悔，一家人决定离开香港。车过交界时钱柏年指着交界线感慨地说：这正是阴阳界。
shi liu hong,石榴红,1950,The Pomegranate are Red,中国五彩电影实验工场,B&W,Shaoxing Opera,韩义,沈默,戚雅仙 / 徐天红 / 高剑琳 / 焦月娥 / 筱水招 / 茅胜奎 / 魏兰芳,颜鹤鸣 (摄影),清朝咸丰年间，江南某地，肖小玉和张芸姑两小无猜，共种一棵石榴树。长大以后，两人相爱。但是一大户人家看中张芸姑，强聘结婚。张芸姑受到非人待遇，生了女儿小芸。后来家中失火，芸姑母女逃出，靠苦耕度日。小芸与肖之义子幼玉相爱。但县官又要娶小芸为妾。肖小玉与张芸姑安排幼玉和小芸逃去。县官追来，肖小玉和张芸姑掩护小芸和幼玉逃走。最终，两人参加了太平军。
zhi bu guo shi ai qing,只不过是爱情,1951,It’s Just Love,中国五彩电影实验工场,B&W,,韩义,沈默 / 沈铭,李纬 / 杨志卿 / 张莺 / 田钧 / 高笑鸥 / 杨芳菁 / 王慕萍,,郑素芳是上海某公立医院的护士，上海解放后，医院的一部分改成解放军伤员的病房。一天医院里的伤员李有光吵着要回前线。郑素芳耐心地说服，才使他安静下来。郑素芳的未婚夫凌扬在解放军中担任指导员，参加了解放海南岛战役，在她爱人的影响下，她工作十分积极。海南岛解放了人家都欢庆胜利，而郑素芳却接到了丈夫阵亡的消息。
da lei yu,大雷雨,1949,The Heavy Thunderstorm,远东影业公司,B&W,Has digital video,陈铿然,李之华 / Nikolai Alexeevich Ostrovsky,沙莉 / 孙道临 / 吴茵 / 沈扬 / 唐槐秋 / 李纬 / 何剑飞 / 陈珉 / 柳杰 / 马忠英,黄贻钧 (作曲) / 陆洪恩 (音乐) / 薛伯青 (摄影) / 薛岱云 (摄影助理) / 许明 (剪辑) / 张汉臣 (布景) / 李洪泉 (化妆) / 应云卫 (制片) / 章志直 (剧务),杨文英喜欢郭清源，但最终嫁给彭家骏伺候彭家。某晚一女子跳河被人救起后父亲花了许多钱才从郭春甫还回的事使杨文英难忘。杨文英常被彭氏看不起，可无论郭清源、反抗封建的秀云怎样劝说，她始终在忍受着…
ye ying qu,夜莺曲,1950,Ode to a Nightingale,雷电影业公司,B&W,,吴文超,谭维翰 / 盛余泳,白虹 / 李静康 / 金川 / 吕玉堃 / 洪警铃 / 白蓉 / 严引玉 / 华香琳 / 范石人 / 王曼娜 / 冯继英 / 殷秀岑 / 杨诚 / 苏瑛 / 周起 / 章志直 / 韩兰根 / 高扬 / 傅梅,吴文超 (制片) / 王明安 (监制) / 吴家骏 (摄影助理) / 林秉成 (录音) / 申顾礼 (录音助理) / 仲慰 (布景) / 黎锦光 (音乐) / 许亮 (剪辑) / 李洪泉 (化妆) / 许荷香 (洗印) / 杜振昆 (洗印),西子湖畔的别墅中，画家季超为一个从自行车上摔下来的小女孩包扎伤口，小女孩破涕为笑唱起了季超所熟悉的歌曲《夜莺曲》，季超的思绪回到了十二年前。季超与好友来到金蕾咖啡馆，听红歌星方圆珠演唱得意新作《夜莺曲》。不久季、方二人相爱，却被季父横加阻挠。二人经过抗争终于走到了一起，却因季超误会圆珠与他人有染而将其怒斥。圆珠芳心破碎，悄然离去。得知真相的季超四处寻找圆珠，如今好不容易得知消息，圆珠却已为他人之妇。
shi li chuan jia,诗礼传家,1952,Family Doctrine,Da Guangming Film Company,B&W,,陶金,陶金,李丽华 / 陶金 / 顾而已 / 顾也鲁 / 林静 / 李丹薇 / 徐锦文 / 陈风 / 姜明 / 邓敏 / 牛犇 / 裘萍 / 颜碧君 / 吴家骧 / 吴景平,李厚襄 (音乐) / 万古蟾 (布景) / 颜碧君 (化妆) /顾而已 (制片) / 顾也鲁 (制片),蒋家珠生于封建迷信的大家庭，她十岁那年，蒋老爷竟为亡兄迎娶媳妇；她亦自小许配予高司令的第八子，然而她却与同窗兴汉感情笃厚。兴汉父亲认为儿子应往外闯荡一番，便托叔父带儿子到西北去，一对小恋人因此分离。一别十年，兴汉回乡，目睹高家势力日隆。高少爷迫奸蒋家寡妇，奈何蒋二老爷慑于高威势，竟迫令寡妇投江自尽。家珠欲反抗盲婚约束，反遭痛殴一顿。蒋家大嫂，二嫂均不值二老爷所为，结果亦落得惨死。兴汉与家珠深知...
ying mi zhuan,影迷传,1950,A Tale of Two Western Movie Fans,Datong Film Company,B&W,,洪谟,黄佐临,乔奇 / 高博 / 林榛 / 朱琳 / 梁明 / 颜碧丽 / 章志直 / 周刍 / 陈重 / 王路西 / 言慧珠 / 关宏达,罗从周 (摄影) / 谢晋 (副导演) / 张石川 (制片) / 柳和清 (监制) / 查祥康 (摄影助理) / 袁庆余 (录音) / 姚守清 (录音) / 刘永昌 (录音助理) / 董萍 (布景) / 童景文 (布景) / 张曦白 (布景) / 黄贻钧 (作曲) / 陈瑞和 (剪辑) / 周明祺 (剪辑) / 严兆德 (洗印) / 杭子玉 (洗印) / 萧寿生 (洗印) / 陈重 (剧务) / 颜碧丽 (场记) / 陈焰 (化妆) / 薛根宝 (布景) / 徐应生 (场务),大学生林梦侠是个超级影迷，他在电影院门口买了根绳子，想模仿一下美国西部片中的英雄，碰巧一个小偷抢了一女人的手提包后逃走，不期落入梦侠的绳套，被抢的关太太将他称为中国的埃洛·弗林。少女姚俪影也是超级影迷，为追求地道的美国生活一心想到美国留学，却被父母拒绝。因心情烦闷，俪影深夜在郊外徘徊，被两恶汉劫持。梦侠途经此地，遂上前营救，二人由此相识。为了女儿可以从爱情中得到慰藉，姚家父母请来医学专家为梦侠进行“健美改造”……
zi you tian di,自由天地,1950,The Land of Freedom,Datong Film Company,B&W,,黄汉,于思 / 赵清阁,于冲 / 宣景琳 / 李保罗 / 王恺 / 强明 / 宏霞 / 罗静宜 / 高博 / 周曼华 / 乔奇,罗从周 (摄影) / 张石川 (制片) / 柳中亮 (监制) / 袁庆余 (录音) / 童景文 (布景) / 周明祺 (剪辑) / 严兆德 (洗印) / 杭子玉 (洗印) / 夏冬 (剧务) / 黄芳 (场记) / 金鹤良 (服装) / 何品芳 (道具) / 薛根宝 (布景) / 徐应生 (场务),夏进士即将到财政厅任秘书之职，其妻体弱多病，有女名芹。夏进士的寡妹带着两个儿子胡庆华、胡兆华与他们同住。夏芹与胡庆华热恋，胡庆华在到北平上学之前告诉夏芹要反对封建，争取自由。夏进士欲将女儿嫁与财政厅长的儿子，夏芹得知后连夜逃走。日本飞机来袭，夏芹与众多百姓在爆炸中倒下。夏进士一家找到了夏芹的衣物和一具血肉模糊的尸体，夏太太悲痛而逝。庆华得知消息痛不欲生，从此参军抗日。夏芹实为游击队所救，参加了民教工作。最终一对恋人在故土重逢，共同走向自由天地。
tai tai wen ti,太太问题,1950,The Problematic Wife,Guotai Film Company,B&W,,徐昌霖,戴维峙,周伯勋 / 路珊 / 李保罗 / 林仪 / 李静康 / 金川 / 朱莎,柳中浩 (出品人) / 应云卫 (制片主任),赵先生是上海某工厂的高级职员，虽然收入还算丰厚，却还是不能满足喜欢吃喝玩乐的太太的需要。上海解放后，赵太太在北京读书的妹妹刘小姐即将前来，为此赵太太准备重添三套家具，把家里装饰一番，同时借着为赵先生过生日之机大摆宴席，好在妹妹面前风光一下。为满足太太的虚荣心，赵先生只得四处借债。刘小姐终于到来，受到赵太太的精心呵护，刘小姐却对此十分反感，声称再这样就要回去。
huan tian xi di,欢天喜地,1949,A Joyful Wedding,Datong Film Company,B&W,,郑小秋,吴仞之,林默予 / 汪漪 / 史原 / 韩涛 / 周刍 / 林榛,,十七岁的张小林与十五岁的马爱琳相爱，爱琳父亲是位不走运的医生，家里只能靠出租二楼的房子来维持生计。小林得到马太太的喜爱，却要小林父母去提亲。小林父母则认为求婚前得先去马家看看，于是小林之父张铁生装成去看病的病人，张太太则装作去看房子。马太太得到小林通知，将家中打扮得十分富有，丈夫也成了红极的医生。为了门当户对，两家相互攀比，小林伯父忍不住道破双方真实情况，终于办了一场欢天喜地的婚礼。一年之后，小林与爱琳生了个小得惊人的胖娃娃。
die lian hua,蝶恋花,1949,A Loving Couple,Datong Film Company,,,黄汉,赵清阁,沙莉 / 乔奇 / 陈重 / 江山 / 夏冬 / 罗静宜 / 于冲 / 周刍 / 苏曼意 / 强明 / 柳杰 / 朱琳,,1949年3月30日恰逢周水月教授生日，晨起，周水月在小院里亲手灌溉钟爱的蔷薇。女儿周芹正待出门上学，适男子姚蔷来约。周水月想起两个月前在上海某大学开学之日发现姚蔷与自己面貌相似，后又发现姚蔷与女儿周芹迹近恋爱，不禁惴惴不安……
wang chuan qiu shui,望穿秋水,1949,Looking Forward to His Return,Datong Film Company,B&W,,何兆璋 / 谢晋,许之乔,张鸿眉 / 强明 / 韩涛 / 王岚 / 于冲 / 季虹 / 姜祖麟 / 高博 / 张逸生 / 沙莉 / 朱琳 / 梁明 / 金川 / 罗静宜 / 吕玉堃,罗从周 (摄影) / 张石川 (制片) / 柳中亮 (监制) / 谢晋 (副导演) / 王玉如 (摄影) / 袁庆余 (录音) / 姚守清 (录音) / 董萍 (布景) / 童景文 (布景) / 王云阶 (音乐) / 张文纲 (作曲) / 陈瑞和 (剪辑) / 赵家树 (剪辑) / 严兆德 (洗印) / 杭子玉 (洗印) / 陈重 (剧务) / 夏冬 (剧务) / 颜碧丽 (场记) / 陈焰 (化妆) / 金鹤良 (服装) / 何品芳 (道具) / 薛根宝 (布景) / 徐应生 (场务),抗战期间，青年黄涛参加了远征军，因功升为连长。抗战胜利后，黄涛不愿替国民党反动派打内战，毅然退伍回到上海，并与中学同学沙若蕙结婚。受老师鲍教授影响，黄涛决定离开上海到解放区去。若蕙毅然同意了黄涛的决定，并在黄涛走后将身心都投入到教育工作中去。妹妹若兰是学生运动的中坚分子，受其激励若蕙也在教联的领导下积极支持学生运动。有传言称黄涛已死，但若蕙坚信黄涛还活着。上海终被解放，黄涛与若蕙胜利相逢，若兰则参加了西南服务团，为解放全国向西南进军。
shi qu de ai qing,失去的爱情,1949,The Lost Romance,Datong Film Company,B&W,,汤晓丹,徐昌霖,金焰 / 秦怡 / 周伯勋 / 朱莎 / 徐垦 / 张慧 / 杜雷 / 冯奇 / 苏绘 / 周起 / 林燕 / 刘旭东 / 高阳 / 叶清江,周伯勋 (制片主任) / 柳中浩 (监制),女大学生不能与她所爱的画家结合，被迫嫁给一个和日本侵略者有关系的奸商。画家因此愤而出走，参加了抗日斗争。一次，奸商对女佣图谋不轨，被女佣打死；女大学生由于对生活失望，自愿顶替女佣的死罪。影片最后，抗战胜利了，画家回到故乡，他在女大学生的坟前喃喃自语：“追求个人的幸福，是得不到的”。由此暗示：人们只有投身到革命的洪流中去，才能获得幸福。
yi xiang tian kai,异想天开,1949,Impractical Imaginations,Guotai Film Company,B&W,,杨小仲 / 陈翼青,杨小仲,吕玉堃 / 章志直 / 殷秀岑 / 曹慧麟 / 张琬 / 顾梦鹤 / 燕群 / 洪警铃 / 关宏达 / 陶由 / 舒丽娟 / 杜雷 / 欧阳琴 / 张露 / 张伊雯 / 叶敏芝,,余致富是个靠投机发财的暴发户，其妻秀宝原为舞女，女儿玛莉则是前妻所生。家中来了两个不速之客，从名片看竟是财政部马专员及其秘书。余致富给了玛莉一大笔钱，要她好好结交马专员，狐朋狗友们闻讯而来，对余致富百般勾结。秀宝欲觅高枝找到马专员，却发现马专员竟是老相好、流氓洪大刚，这一切不过是一个精心策划的骗局。余致富满脑子幻想，等来的却是一个个坏消息：妻子与老情人远走高飞，女儿玛莉也与一真心相爱的穷青年私奔。
nv zei,女贼,1949,The Thief Woman,嘉华影业公司,B&W,,屠光启,杨忠源 / 屠光启,欧阳莎菲 / 顾梦鹤 / 杨志卿 / 陈天国 / 殷秀岑 / 章志直 / 张琬 / 朱莎,,华夫人是一个著名的女贼，但很少有人知道她还有一个女儿小凤，十几年来一直寄养在乡下她的姐夫家。随着年龄的增长，已近中年的华夫人开始厌倦窃贼的生活，想从此与女儿一起平平静静的过日子。华夫人为人仗义，想在散伙之前对手下的弟兄们有个交待，便拿出自己所有的积蓄分给了他们。然而，奸诈的老刘非但不领情，反而到处散布她是想抛弃弟兄们和女儿一起去享清福。华夫人被激怒了，开枪打伤了老刘。老刘因此对她怀恨在心。华夫人满心欢喜地来到了乡下，不料姐夫却告诉她小凤已经害急病死了。华夫人悲痛万分。既然女儿已经不在了，今后的生活也就无所谓了，心灰意冷的华夫人决定继续自己的窃贼生涯。其实，小凤并没有死，而是被她黑心的姨父卖进了妓院。这个秘密被暗暗跟踪华夫人而来的老刘知道了，他悄悄地把小凤从妓院里“偷”了出来。转眼六年过去了，小凤在老六的精心训练下，已经成了一个化名白小姐的惯偷。然而华夫人却一直被蒙在鼓里。一天，贵妇李夫人举行盛大的宴会。白小姐、华夫人、还有一个被强迫做贼的青年徐志祥都混了进去。他们的目标都是一个：李夫人的猫眼宝石。一开始，猫眼竟然被手段并不高明的徐志祥偷到了手；不过没过一会儿就被白小姐骗了去。正当二人一个沮丧一个得意之时，华夫人出现在他们面前，讥讽他们都是有眼无珠的笨贼。原来，白小姐手中的猫眼是假的，真货已经落到了华夫人的手中。心高气傲的白小姐受不了这样的羞辱，竟带了几个同党去找华夫人拼命。一番折腾后，白小姐没有伤了华夫人一根汗毛自己却险些出事，反被华夫人救了出来，并因此与徐志祥相爱了。徐志祥原本是个正直的青年，他不甘堕落，决定改过自新。在他的影响下，白小姐也决心从此洗手不干了。华夫人因此十分懊恼，决定对徐志祥实施家法。然而，当华夫人从老刘口中得知白小姐就是自己的女儿小凤时，不禁惊喜交集，当即取消了处死徐志祥的决定。老刘十分恼怒，竟拿小凤的性命相要挟，逼华夫人对徐志祥执行家法。为了女儿，华夫人只得照办，但是她只是打伤了徐志祥的肩膀。对一切毫不知情的白小姐自然不会因此感激华夫人，却因为她打伤了自己的爱人对她充满了仇恨。不久，伤愈后的徐志祥要和白小姐结婚了。华夫人知道老刘决不会放过他们，便急忙赶到了教堂，并在教堂门外开枪将正准备行凶的老刘击毙。教堂里，白小姐和徐志祥在婚礼进行曲中结为了夫妇。看到自己的女儿得到了幸福，华夫人无怨无悔地随警察登上了警车。
wan huo de nv ren,玩火的女人,1949,The Dangerous Woman,大华电影企业公司,B&W,,屠光启,,欧阳莎菲 / 朱莎 / 杨志卿 / 严俊,薛伯青 (摄影) / 吴树勋 (监制),抗战爆发，徐曼卿与同学王天宁、唐瑞芬离开上海来到重庆。曼卿深爱天宁，天宁却爱着瑞芬。为了不伤害曼卿，瑞芬情愿与天宁断绝交往，但曼卿仍然没有得到天宁的爱情。曼卿认为只要杀了天宁后自杀，便可以永久占有他，遂欲毒死天宁。幸亏瑞芬及时发现，曼卿愤然出走。天宁与瑞芬结了婚，抗战胜利后，天宁带着妻子和女儿回到上海。曼卿此时是当红交际花，为报复天宁，她先将天宁带进交际圈。天宁逐渐迷失，被曼卿彻底征服，遂坚决与瑞芬离了婚……
sheng ming jiao xiang qu,生命交响曲,1950,Symphony of life,Guotai Film Company,B&W,,徐苏灵,刘任涛,顾德刚 / 王钧 / 乔奇 / 张莺 / 魏鹤龄 / 王岚 / 金川 / 康泰 / 李纬 / 房珊 / 张琬 / 高笑鸥,柳中浩 (出品人) / 应云卫 (制片主任),1927年，上海日华纱厂工人举行大罢工，工人吴根发被打伤，青年工人邵一峰找到在医学院读书的好友周维德，维德女友刘静仪是医院护士，在众人合力救治下，吴根发脱离了危险。维德毕业后与静仪结了婚，沪战失利，维德参加了红十字会医疗队随军西撤，在一次日寇的轰炸中失去了一条腿。皖南事变爆发，维德深深感到，在政治问题没有解决之前，再高的医术也解决不了问题。静仪从重庆赶来，在她的安慰下，维德重新建立起了抗战必胜的信念。
yue ju jing hua,越剧菁华,1949,Shaoxing Opera Collection,Wenhua Film Company,Colour,Shaoxing Opera; Has digital video,桑弧 / 黄沙,,范瑞媚 / 傅全香 / 徐玉兰 / 王文娟 / 袁雪芬 / 筱水招 / 吴小楼 / 竺水招 / 戚雅仙 / 冯笑侬 / 吕云甫,牛汉诚 (道具) / 倪亦非 (化妆),《越剧菁华》是桑弧导演的一部越剧电影，由《卖婆记》《贩马记•写状》《双看相》《梁祝•楼台会》四段折子戏组成。《卖婆记》：农民李阿大想找个老婆，裘卖婆看到金彩娥婆媳不和，便怂恿金彩娥将婆婆卖给李阿大做老婆，幸好李阿大看穿了这个把戏，认识到一切都得靠自己。《贩马记·写状》：褒城县令赵宠的夫人李桂枝的继母与人通奸，父亲捉奸未遂反被诬告打死婢女，已被判秋后问斩。赵宠连夜写状伸冤。《双看相》：两名只能靠看相为生的穷苦女子受到两名纨绔子弟的调笑，二女子虽借看相将二人嘲讽一番，终不能躲过其羞辱。
xun meng ji,寻梦记,1949,Catching the Dream,中央电影摄影场一厂,B&W,,唐煌,易文,韩兰根 / 关宏达 / 邵华 / 岳路 / 文波士 / 莲蒂 / 文泉 / 杜骊珠 / 孙侠 / 郭平 / 杨雪如 / 田太宣 / 何剑飞 / 戴学庐 / 苏鸿 / 高秋 / 杜小珠 / 王岚,罗学濂 (监制) / 裘逸苇 (制片) / 黄贻钧 (音乐) / 苗振华 (摄影) / 董健 (摄影) / 庄文郎 (剪辑) / 李永周 (道具) / 韩辛 (美术) / 葛师承 (布景) / 戈永良 (美术) / 王沧 (布景) / 王铁彬 (化妆) / 陈俊德 (服装) / 金杏庵 (场务) / 赵小亭 (剧务) / 陈文泉 (副导演) / 傅启疆 (录音) / 丁伯和 (录音),新闻记者赵君尧和林辉战地采访归来，途经一小村，二人便欲停下来休整。刚一进村，君尧便被因思念出征多年的儿子而精神错乱的老人李鸿生当成了自己的儿子，其盲妻听得儿子归来，亦十分激动，美丽善良的儿媳阿香不知如何是好。第二天，李鸿生带君尧去扫墓祭祖，并拿出多年的积蓄给君尧投资经商。君尧深受感动，但知道长痛不如短痛，决定离去。阿香已与君尧互生情愫，却无法摆脱对丈夫的思念和封建礼教的束缚。清晨，君尧与林辉悄然离去……
shi er xiao shi de qi ji,十二小时的奇迹,1949,The Miracle in Twelve Hours,Guotai Film Company,B&W,,徐昌霖,徐昌霖,童芷苓 / 石羽 / 束夷 / 朱莎 / 王豪 / 林榛 / 周伯勋,周诗穆 (摄影) / 周伯勋 (制片主任) / 柳中浩 (监制),公司就要竞选董事长，眼镜部经理的演讲稿主要内容都来自太太，但还缺乏完美的表达形式，经理决定去请私人秘书丁小姐帮忙。经理将丁小姐带到一家咖啡馆，正当他准备在鸳鸯座上对丁小姐表示亲昵时，他的太太也在同一咖啡馆的另一个鸳鸯座内同某先生甜蜜相依。潇洒之后的经理回到家中，太太却因与某先生的热恋而要与他离婚，而某先生却是个骗子，其目的不过是经理太太可观的离婚费。经理竞选失败，颓然倒到了床上，还好某先生的骗局被揭穿…… 
xi ying chun,喜迎春,1949,A Happy Spring,中央电影摄影场二厂,B&W,,应云卫,吴天,魏鹤龄 / 黄宗英 / 李保罗 / 范莱 / 顾梦鹤 / 张慧灵 / 张伐 / 苏曼意 / 张雁 / 方伯,应云卫 (制片) / 罗学濂 (监制) / 顾温厚 (摄影) / 董克毅 (摄影) / 叶苗 (副导演) / 薛志昌 (录音),退休校长陶仁培老伴已经去世，与儿子执中、儿媳淑华、女儿陶澄和孙子过着其乐融融的生活。执中所供职的公司经理陈怀民成为学校校董，副经理王克信成为校长，二人密谋攫取学校旁的广场地产。执中、陶澄失去工作，一家生活顿显拮据。淑华到一公司做文书，公司却是王克信所开，淑华受尽玩弄却无可奈何。校庆之日，仁培带着众人清扫广场，一批流氓却涌来强迫棚户们搬家，仁培与孙子均受殴打。执中终于反抗打倒一流氓，乘车前来的王、陈二人亦被愤怒的群众痛打。仁培告诫大家，必须团结一心去迎接美好的明天。
xi wang zai ren jian,希望在人间,1949,There is Always Hope,Kunlun Film Company,B&W,Has digital video,沈浮,沈浮,蓝马 / 上官云珠 / 吴茵 / 傅伯棠 / 卫江 / 李保罗 / 张乾 / 张立德 / 董霖 / 姜祖麟 / 许兰,任宗德 (制片) / 夏云瑚 (制片) / 王云阶 (音乐) / 郭奕耀 (摄影) / 胡振华 (摄影) / 朱今明 (摄影) / 裘葛 (摄影) / 傅正义 (剪辑) / 邬廷芳 (剪辑) / 牛葆荣 (布景) / 姚志荣 (道具) / 曹明 (服装) / 姚永福 (化妆) / 梁英俊 (场务) / 郑伯璋 (录音),“八一三”后，上海沦陷，邓教授因领导学生抗日救亡，遭叛徒李吕出卖后遭捕失踪。长子雨生与女友明华也暗中组织救亡活动，家人为打听他的下落四处奔波。一日，从奄奄一息的林伯华之妻口中得知丈夫还活着，邓妻静寰倍加思念。敌人采用引蛇出洞之诡计，释放邓教授回家，然后派特务日夜盯稍。雨生在遭敌追捕时将敌人杀死沉河，邓教授感觉事态严重安排儿子转移，不料临行前李吕带特务前来抓捕，搏斗中静寰夺枪将李吕打死。邓教授安排大家后门逃走，只身与闻讯赶来的特务周旋......
fu fu jin xing qu,夫妇进行曲,1951,The March of a Couple,Changjiang Film Studio,B&W,Added on 5/Apr/2023; Has digital video,洪谟,田鲁,凌之浩 / 沙莉 / 戴耘 / 韩涛 / 黄宛苏 / 谢怡冰,,解放前夕的上海，洋行职员陈启元和妻子葛丽娜过着美式的中产生活。解放军南下，葛丽娜力主离沪赴港，而他的丈夫决心留在上海。上海解放后，洋行关门，陈启元失业。经人介绍，他参加了公营机器厂，做了一名享受供给制待遇的工程师。家庭收入断绝后，丽娜无法忍受清贫的生活，遂偷偷与投机商人周浩然做起了生意，与丈夫的隔阂也越来越深。陈启元全身心地投入工作，对新社会产生了热情。而丽娜却因为周启元的被捕而在商场上一败涂地。苦闷的丽娜，在妇联大姐的帮助下，思想有了变化。她认识到了学习、劳动的价值。最后，陈启元因攻克了技术难关而受到厂里的表彰，丽娜也因为在妇联的工作受到新政权的赞扬，两人间的隔阂终于消除。一家人携手前进，为建设新中国而努力。
zi mei yuan jia,姊妹冤家,1951,Enemy Sisters,中企影艺社,B&W,Added on 8/Apr/2023,徐苏灵,姚苏凤,魏鹤龄 / 童芷苓 / 乔奇 / 周伯勋 / 陶由 / 李洪泉 / 程友林 / 陈苏 / 陶蓓蒂 / 陶蓓蓓 / 葛梅强 / 刘旭东 / 董葆苓 / 黄耐霜 / 徐琴芳 / 路珊 / 王钧,,商人杨以亭妻子早逝，家中只有九岁的女儿杨素秋和女佣张妈。邻居是一个周姓妇人，与十岁的小孙子周家浩相依为命。家浩与素秋在同一所学校读书，两小无猜。素秋的姨妈因丈夫去世，带着女儿春琳投奔姐夫，不久姐夫与小姨子结为夫妻。以亭破产，妻子翻脸，素秋备受继母和春琳的欺侮，却在家浩的鼓励下坚持完成学业。十年过去，解放军打过长江，春琳被与其同居的公司经理抛弃，母亲亦被其打死。家浩与工人们一起全力护厂，使得公司的业务在新上海迅速恢复，而他与素秋也迎来了属于自己的新天地。
yan hua nv er fan shen ji,烟花女儿翻身记,1950,The Life Change of Female Sex Workers,Beijing Film Studio,B&W,Added on 8/Apr/2023; Artistic documentary; Has digital video,唐漠,唐漠,,于蓝 (副导演) / 刘钊 (录音) / 马德昌 (剧务) / 吕达 (场记) / 董鸿翼 (洗印) / 张艺舟 (美术) / 周剑痕 (剪辑) / 王启民 (摄影) / 王兆义 (摄影助理) / 赵新鸣 (灯光) / 雷振邦 (音乐) / 陈维文 (指挥),本片是由唐漠和于蓝编导、北京电影制片厂摄制完成的艺术性纪录片，反映新中国成立后，北京市政府取缔妓院和改造妓女这一社会历史事件。新中国对于妓女的教育改造工作重在教给劳动技能，提供工作出路，让她们有尊严健康地追求自己的幸福，并对于压榨妓女的领家老板予以应有的惩治。
fu nv chun qiu,妇女春秋,1951,The Drama of Shanghai Women,Guotai Film Company & 华东影片经理公司,B&W,Added on 8/Apr/2023,杨小仲 / 应云卫,毛羽,朱莎 / 金川 / 明子 / 徐曼 / 林仪 / 白荷 / 康泰 / 黄耐霜 / 李保罗 / 周伯勋 / 孙锦 / 苏曼意 / 房珊 / 路珊 / 沈亚伦 / 马骥 / 高笑鸥 / 张莺 / 周起 / 季虹 / 张琬,黄贻钧 (音乐) / 朱静 (摄影) / 诸锦顺 (剪辑) / 童玉亭 (布景) / 何菊生 (道具) / 葛宾甫 (服装) / 许垦 (化妆) / 黄德祥 (化妆) / 陶由 (剧务) / 周伯勋 (制片主任) / 龚政民 (录音助理) / 李智杰 (录音助理) / 郭大震 (录音) / 严兆德 (洗片) / 杭子玉 (印片) / 马爱珍 (场记),上海解放，迎春里的居民们无不欢欣鼓舞，也有少数人惶恐不安。投机商赵维礼四处打探消息，太太和姨太太也因为听说“共产党要共产共妻”而心惊肉跳，女儿小茵则与好友丁大姐到街上欢庆解放。流氓小剪刀对时局变化倒不太在意，依然任意折磨被他强占的少女阿凤。李太太则为儿子幼竹的婚姻烦心，原来幼竹嫌弃来自农村的妻子兰英，爱上了家里的丫头阿琴。
zai sheng feng huang,再生凤凰,1951,Reborn of the Phoenix,Guotai Film Company,B&W,Added on 8/Apr/2023,应云卫,徐昌霖,徐曼 / 金奇 / 路珊 / 朱莎 / 袁灵云 / 戴衍万 / 李煊 / 陶由 / 高扬 / 顾德刚 / 李保罗 / 张莺,姚士泉 (摄影) / 李思慎 (剧务) / 周伯勋 (制片主任) / 柳中浩 (出品人),田小云自幼习唱京韵大鼓，一直受到当红女艺人赛如玉的照顾，二人也因此成为好姐妹。赛如玉有两个朋友：董三宝和刘铁牛。三宝唱梨花大鼓，铁牛则在天桥卖艺。抗战胜利后，小云红透北平，赛如玉因病入膏肓逝世。铁牛为阻止美军士兵对小云施暴被关进大牢，为救铁牛，小云只得找到垂涎自己美貌的警察局长卫二爷，牺牲自己保释了铁牛。北平解放，卫二爷逃跑，重获自由的小云在三宝的鼓励下，开始接触新事物，思想和歌词焕然一新……
jiang nan chun xiao,江南春晓,1950,Spring in Southern China,Guotai Film Company,B&W,Added on 8/Apr/2023,叶青江,楚西佐,康泰 / 魏鹤龄 / 沙莉 / 蒋天流 / 周伯勋 / 韩涛 / 林榛 / 周起 / 李保罗 / 高笑鸥,周伯勋 (制片主任) / 马爱珍 (场记),1947年，上海，经济崩溃，物价飞涨。耀华音乐学院开学之日，沈载之带着女儿沈雯回母校执教，与前妻卫曼韵意外相逢。多年之前，载之与曼韵均为音乐学院学生，因相爱而结婚，并生下女儿沈雯。曼韵结识了富商秦慕仁，受物质与情感双重诱惑，抛夫别女。载之仍无法忘怀曾经的美好时光，是以心情非常郁闷，整日埋头谱写新作《往事如烟》。载之指挥学生演奏《往事如烟》时因饥饿晕倒，醒来后目睹学生们挨饿的惨状，毅然撕毁《往事如烟》乐谱，决定与同学们一起投身到争求生存、民主和自由的运动中去。
qing deng yuan,青灯怨,1950,The Blood Feud in a Temple,Guotai Film Company,B&W,Added on 8/Apr/2023,张天赐,林朴华,林默予 / 江山 / 李保罗 / 路珊 / 白荷 / 李静康 / 李明 / 宏霞 / 徐左雯 / 徐曼 / 陈虹 / 孙锦 / 周起 / 陶由 / 关鹏 / 张翼 / 沈亚伦 / 冯奇,周伯勋 (制片主任),农女李凤英父亲早故，母亲久病卧床，哥哥长林不甘为国民党当炮灰，逃到了游击队驻扎的牛头山根据地。保长抓不到长林，残忍地踢死了凤英的母亲。大悲庵主持悟圆借口凤英家欠庵中田租，将凤英强押进庵中为尼。凤英整日劳作，过着牛马不如的生活。无论挑水砍柴，凤英都会路过山间的小木桥，在那里凤英与年轻的石匠赵炳祥相爱。炳祥带领工人找区长要拖欠的工资，却被区长谋害。侥幸逃出尼庵的凤英得知消息万分悲痛，炳祥的母亲含泪收留了她……
kong su,控诉,1951,The Accusation,Changjiang Film Studio,B&W,Added on 25/Apr/2023,胡道柞 / 许秉铎 / 杨村彬 / 谢晋,朱端钧 / 何兆璋,蒋锐 / 沈继禹 / 胡成元 / 林东昇 / 王健 / 高博 / 罗森 / 钱千里 / 韩涛 / 王人美,石凤歧 (摄影) / 樊玖 (美术) / 娄青蓝 (美术) / 高博 (制片主任) / 戴伦 (制片主任) / 张振鹤 (摄影助理) / 黄力加 (录音) / 姚守清 (录音) / 汤荣春 (录音助理) / 陈歌辛 (作曲) / 胡倬云 (布景设计) / 孙符 (剪辑) / 魏学翰 (剪辑助理) / 唐力 (剧务) / 田志高 (化妆) / 李洪泉 (化妆) / 桑克正 (道具) / 韩明德 (服装) / 梁廷铎 (场记) / 朱泉根 (场务) / 李荣福 (照明) / 何纪生 (照明) / 严兆德 (洗印) / 杭子玉 (洗印) / 萧寿生 (洗印) / 吕智元 (照明) / 吴文明 (置景) / 陈青圃 (置景) / 蔡阿林 (置景) / 姜祥昌 (置景) / 罗安定 (置景) / 罗安顺 (置景) / 陈仁金 (置景) / 翁阿奎 (置景) / 尹韩其 (置景),在反动派的统治下，善良的劳动人民受污辱被杀害。三轮车夫根宝刚踏车出去，他的妻子和另一女工放工回来，在路上被三个野兽一样的美国水兵追逐。根宝的父亲想加以阻拦，被殴打得奄奄一息。根宝的儿子被摔到马路上给美国十轮卡车辗死，愤怒的邻居们及时来救援这两个百般挣扎险遭污辱的妇女的时候，又被美宪兵开枪击伤。
guang hui can lan,光辉灿烂,1951,Lighting the World Up,Wenhua Film Company,B&W,Added on 25/Apr/2023,叶明,葛覃,沈扬 / 江山 / 刘厚 / 程之 / 石灵 / 王路西 / 俞仲英 / 崔超明 / 孙景璐 / 石挥 / 田振东 / 王骏 / 劳马 / 于飞 / 茂路 / 张涵 / 石炎,,北方的某一城市，在解放前夜，发电厂被蒋匪军轰炸，第三发电所机器受了损坏，时常断电。总工程师吴宗宝，因军代表何征和王大福的鼓励，同时也认清了共产党为人民服务的伟大精神，重新到厂办公，并受命草拟修理计划。第三发电所主任刘忠，是美帝特务金神甫的爪牙，一直在利用时机想破坏电厂的机器，使全城陷入黑暗，生产停顿。他们等吴宗宝的计划书完成后，便乘把计划书上报审批过程中，用计偷来烧毁了。计划书失窃，吴宗宝的工作情绪一下消极起来。金神甫便乘机想利用吴太太崇拜美国生活的心理，诱骗他们到日本去工作。吴宗宝是个有良心的技术专家，断然拒绝了金神甫的哄骗。同时，上级也因为了解了情况的严重，批准了何征的请求，不必等计划书重写，立刻动工修理。这样一来，匪特的阴谋终于失败了。任务不久就完成并已定期向全市送电。就在发电的这一天，金神甫又用了最后的毒辣手段，想把全厂炸掉。幸而由于工人的检举和公安人员的侦查，就在匪特动手时将他们一网打尽，金神甫和刘忠被捕。修复的发电机终于送出了电，全市罩在光辉灿烂之中。
yi pian xin,一片心,1963,All of My Heart,Haiyan Film Studio,B&W,Added on 25/Apr/2023,徐伟杰,集体创作,于本正 / 姚德水 / 徐伟杰 / 鲍芝芳,夏力行 (摄影) / 周厚斌 (美术) / 吴英 (录音) / 张林漪 (作曲) / 周鼎文 (剪辑),自从党中央关于农业60条的指示下发以后，小王庄的社员们意气风发、斗志昂扬、决心要大干一场，以改变家乡的贫困面貌。于是，社员们推选王如海担任生产队长。王如海经过深入的调查研究，面临的困难和问题摆在了家庭的会议上，得到了全家人的赞成和支持后，他终于大胆“出山”，当了生产队长。
gao qin fu,告亲夫,1961,Accusing the Husband,Pearl River Film Studio & Hong Kong Hongtu Film Company,B&W,Added on 25/Apr/2023; Guangdong Opera,罗志雄 / 吴峰,江枫 / 马飞 / 卢岭词,林舜卿 / 叶清发 / 陈淑妆 / 张长城 / 翁妙辉 / 林惜兰 / 郑强发 / 蚁锡森 / 陈文炎 / 林野 / 余纲声 / 吴寸泉 / 陈集豪,赵锦 (摄影),吴江书生盖良才，客南昌，邂逅颜秋容，两情缱绻，私订白头。盖父催其回家与文氏淑贞完婚，时秋容怀孕三月，盖仍托辞归去。数月后，秋容未得良才音讯，乔装至吴。盖竟说旧情乃属无媒苟合，既不接纳秋容，又不顾其腹中婴儿。事为文氏知晓，盖为掩劣迹，顿萌灭口心计。文氏不忍丈夫下此毒手，也不忍秋容遭害，断然救出秋容主婢。秋容既逃，盖追至江边，寻见包袱，以为秋容投江，文氏斥之败德丧行若禽兽。盖惧怕文氏张扬其罪，下了绝情，推文沉江。文氏为鱼翁所救，并由秋容侍婢带至三圣母庙，见秋容临终惨景，愤恨满腔，遂咬指续写秋容之血状，与若云同到苏州公爹台前告亲夫。
shen tao da,审陶大,1959,Trailing Tao Da,Haiyan Film Studio & Wuhan Film Studio,B&W,Added on 25/Apr/2023; Hanchu Opera; Adapted from opera 《白罗衫》,李紫贵,,李春林 / 李四立,胡和道 (摄影),水匪陶大杀死徐继祖的父亲，收留除母遗落的徐继祖为儿子。18年后，徐继祖升任巡按，查知养父陶大其实是杀父仇人。经过连夜审问，将他判刑。
bao zhong qu bao,宝中取宝,1958,Seeking Treasures in a Treasure,Changchun Film Studio,B&W,Added on 25/Apr/2023,刘国权,集体创作,白英宽 / 周文斌 / 黄世光 / 王景芳 / 崔隐 / 王金荣 / 江长华,王岚 (副导演) / 丹森尼玛 (副摄影) / 杨业 (副摄影) / 纪自强 (美术) / 李振铎 (录音) / 潘英 (剧务主任) / 陈奇芬 (作曲) / 长影乐团 (演奏) / 尹升山 (指挥),在大跃进的年代里，工人技术员老贺为了研究提炼稀有金属锗的工艺，废寝忘食地刻苦读书，努力钻研，以自己的实际行动批判了迷信书本和苏联专家的主任工程师。由于试验出了事故，老贺受到了领导的批评，他虚心接受了批评。在党委的支持下，他与同志们组成了研究小组，群策群力攻难关。工人杜师傅在试验中受伤。老贺又改用新的方法试验，终于成功地提炼出了锗。
duo deng,躲灯,1959,Away from Lanterns,Haiyan Film Studio,B&W,Added on 25/Apr/2023,夏天,夏天,胡小菡 / 康泰 / 蒋锐 / 廖瑞群,陆仲伯 (录音) / 邱以仁 (摄影) / 蒋浩生 (制片) / 张庚新 (作词) / 申云 (演唱),风俗上说新媳妇不能在婆家过灯节，在婆家过灯节就会闹眼睛疼。快到正月十五了，按照家乡的老规矩，女婿刘庆云赶着毛驴，送新媳妇范巧灵回娘家躲灯。公路上到处是在大跃进中参加劳动的人流，刘庆云害臊地把驴赶上了小路。范巧灵发现后，又将牲口拉了回来。一路上，他们发现家乡已经发生了巨大的变化，新修了铁路。路上他们遇到相熟的青年，大伙儿开玩笑说你们是去躲灯吧。刘庆云听到这些话，又羞又气，不禁责备起妻子来，两人因此发生争吵。在小两口就要走进村的时候，两个红领巾在扫盲站文化岗前拦住了他们，范巧灵结结巴巴地讲不出“打破常规过新春”的意思，受到了批评。刘庆云生气地要回家，范巧灵则要他见到丈人丈母后再走。刘庆云见范家大门挂着锁，牵着毛驴转身往回走，范巧灵气得哭了起来。丈人丈母刚好回来，拦住了他们。在老人的帮助教育下，范巧灵认识到了自己的错误，决定给父母拜完年就回去参加大跃进。小两口高高兴兴转回家。
song wen shen,送瘟神,1959,Overcoming Schistosomiasis,Tianma Film Studio,B&W,Added on 25/Apr/2023; Also known as 《在血防战线上》,岑范,汪自强 / 周杰,谢怡冰 / 杨梦昶 / 冯奇 / 凤凰 / 李农 / 蒋天流 / 铁牛 / 张惠钧 / 路珊 / 高笑鸥 / 张鸿鑫,陈传熙 (指挥) / 张林漪 (作曲) / 石凤歧 (摄影) / 张驾珊 (剪辑) / 何瑞基 (美术) / 姜永昌 (化妆) / 汤丽绚 (制片) / 黄东萍 (录音),影片表现了1957年，江西省余江县的血吸虫病防工作者，为群众防治血吸虫病取得成功的事迹。
zhou xin fang de wu tai yi shu,周信芳的舞台艺术,1961,Zhou Xinfang’s Art of Stage Performance,Tianma Film Studio,Colour,Added on 25/Apr/2023; Peking Opera,应云卫 / 杨小仲,,周信芳,张鑫海 (司鼓) / 吴树萌 (剪辑) / 卢俊福 (摄影) / 王月白 (美术) / 龚建清 (录音) / 殷子 (副导演) / 李萍 (化妆) / 丁里 (制片主任) / 张鑫海 (指挥) / 郝德泉 (琴师),本片是周信芳代表作中的两个剧目。《徐策跑城》是民间传说“薛家将”中的一折。 唐代，薛仁贵的后代薛丁山遭到奸臣张泰等人的陷害，被满门抄斩。徐策同情薛家的遭遇，心中十分感慨。在行刑前，徐策用自己的孩子换下薛猛的孩子薛蛟，并将他抚养成人。一日，徐策让薛蛟到韩山下书，约同他的三叔父薛刚和三婶母纪鸾英发兵为薛家报仇。徐策得知薛刚率领人马来到长安时，不顾自己年迈体弱，亲自上城观望，并打开城门欢迎他们。薛家兵欲杀人紫禁城，报仇血恨。徐策考虑到江山社稷的安定，便当面应允为薛刚、薛蛟亲自上殿奏本，请求皇上杀死奸贼张泰，为薛家伸冤，若皇上不准，薛家兵马再杀进城去，讨伐奸贼。于是，薛刚命令兵马后退40里，等候徐策的消息。徐策看到薛家后代威风凛凛，薛家军兵强马壮，感到国家有望，非常高兴，竟顾不得骑马、坐轿，急急忙忙跑进皇宫上朝奏本。 《下书杀惜》:山东郓城县押司宋江，曾经援救劫夺“生辰纲”的晁盖、吴用、刘唐等人。晁盖等人投奔水泊梁山后，为报答宋江救命之恩，便派刘唐带书信一封、黄金百两，前去郓城看望宋押司。一日，宋江遇见刘唐，连忙将他拉到一个僻静的酒楼叙谈。他匆匆收下一锭银子，便将书信与那锭银子急忙放进招文袋里；并催促刘唐带上其余的银子速返梁山。宋江送走刘唐之后，遇到正在寻找他的阎婆。阎婆曾受宋江赠金葬夫之恩，就将女儿阎惜姣许给宋江作外室，住在乌龙院，而阎惜姣却暗中与宋江的学生张文远来往。于是，宋江发誓不再见阎惜姣。阎婆前来找他，宋江迫不得已，只得去了乌龙院。第二天，宋江仓促出门，不慎将招文袋丢在地上。阎惜姣睡醒后，拾起招文袋，发现了宋江与梁山来往的书信。当宋江回来寻找招文袋时，阎惜姣乘机要挟宋江，让他立即写下休书，任凭自己改嫁张文远。宋江为要回梁山书信，只好答应了她的要求。不料，阎惜姣接过书信后，却扬言要在郓城县的大堂上才能交出梁山书信，欲置宋江于死地。宋江被逼无奈，只得将阎惜姣杀死。
ji mao fei shang tian,鸡毛飞上天,1961,When a Feather Flies,Jiangsu Film Studio & Tianma Film Studio,B&W,Added on 25/Apr/2023,傅超武,王风 / 傅超武 / 穆宏 / 李培健,张辉 / 穆宏 / 高笑鸥 / 齐衡 / 范雪朋 / 田野 / 于冲 / 李农 / 杨智 / 赵国祥 / 丁世玉 / 沈玉芳 / 江燕,张锡龄 (摄影) / 贺路 (副导演) / 王风 (副导演) / 何瑞基 (美术) / 周云麟 (录音) / 张林漪  (作曲) / 陶侃 (制片),苏北地区，十荒生产大队由于守着上千亩的盐碱地，年年闹饥荒，年年靠救济。社员们一心希望早日改变大队的落后面貌，但是出身富裕中农的钱信贵在群众中散布，说什么：“要是能拔掉穷根，除非鸡毛飞上天!”正巧，大队党支部书记蔡刚从县里开会回来，听到钱信贵的话，立即给予反驳，“毛主席说，鸡毛就是要飞上天!”蔡刚遵照县委关于穷队要改变落后面貌的精神，积极带领大队骨干研究翻身计划。十荒大队过去由于缺水，一直种旱谷，但产量较低。为增产增收，必须引水开渠，改种水稻。大队长张友望思想保守，担心开渠难度大，万一开不成，今年社员的口粮就要落空。就在社员们引水开渠工作于得热火朝天的时候，工地上遇到僵土。钱信贵为了个人发家致富，一心想着自己的副业。他看到工程遇到困难，趁机暗中散布谣言，使社员们人心惶惶。这时，公社党委王书记来到十荒大队，鼓励大家要树雄心、立大志，克服困难，完成开渠任务。同时，他还提醒蔡刚不要只看到工地上表面的困难，要注意落后分子形成的资本主义自发势力。之后，蔡刚组织生产大队召开辩论大会。辩论会上，社员们对钱信贵的小农意识和走资本主义道路思想进行了揭发和批判，使全体社员都受到了教育，认清了要使十荒大队改变贫穷落后面貌，必须要走社会主义集体化道路。这时。大队长张友望也认识到自己思想保守的错误。十荒大队的领导和群众统一了思想认识，以饱满的热情和干劲，投入了热火朝天劳动中去了。最后，他们克服了种种困难，终于开通了引水渠。这一年，十荒大队夺得水稻大丰收。打谷场上呈现着节日的景象，人群往来如穿梭，劳动声、机器声、歌唱声以及欢笑声汇成了一曲振奋人心的乐章。蔡刚告诉来到打谷场的王书记，今年“除了种子粮、口粮、饲料之外，我们还可以卖余粮了”。王书记对大家说：鸡毛是飞上天了，不过这只是开始……他要社员们抓紧时机，立即进行秋耕。不久，十荒大队经公社批准，改名为“跃进大队”。
long fei feng wu,龙飞凤舞,1959,The Dances of Dragons and Phenix,August First Film Studio,Colour,Added on 25/Apr/2023; Artistic documentary,瞿超,,王静江 / 吴玉琴,吴迪 (摄影) / 麦一 (美术) / 李伟才 (作曲) / 吴汉标 (录音) / 王铁林 (场记) / 高艺学 (舞蹈指导) / 孙正 (指挥) / 何化居 (指挥) / 宏特 (指挥),《龙飞凤舞》是一部舞蹈故事片，它以一对男女青年的爱情故事为主线，串演了在第五届、第六届世界青年与学生和平友谊联欢节上获奖的舞蹈节目：《龙舞》、《孔雀舞》、《织女穿花》、《挤奶．员舞》以及部分广大群众喜闻乐见的民间歌舞：《洛子舞》、《马刀舞》、《踢球舞》、《吉庆有余》等。由于这类的片子收入的舞蹈多为艺术精品，观赏性比较强，而且又有故事情节的贯穿，所以很容易达到雅俗共赏，受到广大观众的欢迎和喜爱，是很有广阔发展前途的舞蹈电视片种。
ai le zhong nian,哀乐中年,1949,The Tragic Middle-aged,Wenhua Film Company,B&W,Added on 26/Apr/2023,桑弧,桑弧,石挥 / 王万恩 / 刘小沪 / 徐伟杰 / 崔超明 / 沈丽 / 路珊 / 莫愁 / 钱楚材 / 胡德龙 / 姚思诚 / 韩非 / 马斐 / 李浩 / 李婉青 / 胡小琴 / 顾慕如 / 余仲英 / 伊斯兰 / 沈扬 / 朱嘉琛 / 田恺 / 叶明 / 林榛 / 葛梅强 / 田振东 / 程之 / 周瑞德 / 于复瑛,黄贻钧 (音乐) / 黄绍芬 (摄影) / 马林发 (技术顾问) / 张锡龄 (技术顾问) / 郭良 (技术顾问) / 徐志良 (技术顾问) / 许琦 (剪辑) / 张伟秋 (道具) / 王月白 (布景) / 牛汉诚 (美术) / 戚秋鸣 (服装) / 程之 (化妆) / 倪亦非 (化妆) / 吴剑晃 (剧务) / 徐进 (剧务) / 沈轶民 (录音) / 毛根 (技术顾问) / 王洁 (场记) / 许荷香 (洗印) / 杜振昆 (洗印),陈绍常创办小学多年，自任校长。其妻英年早逝，留下三个孩子赖他照料 。别人每每劝他续弦，但他目睹挚友刘之权的女儿敏华备受后母虐待之苦，便打消了续娶之念。后来，刘之权全家迁居外地，多年音讯杳然。某日，敏华突然前来叩见，谋求职业。绍常同情她的遭遇，便留她在校任教。此时，绍常的孩子也都成人。长子建 中在一家银行供职，与银行经理的女儿结婚，社会地位也日益提高。他力劝绍常退休，在家颐养晚年。绍常被勉强说服而向学校提出辞呈，并推荐敏华继任校长。建中为了表示支持，恳请岳父捐款给学校并担任学校的董事长。绍常赋闲在家，孩子们成家后，与他往来日疏。只有敏华，为了工作常来和他谈心，她深知他的事业心很强，生命力也还旺盛，应该工作。经敏华热情、诚挚的邀请，绍常又回到学校。不久，学校里一个同事托他向敏华求婚，他忽然感到一种异样的心情，开始觉察到自己已爱上敏华。同时，他发现敏华也一直爱着他。于是，他告诉建中，自己准备结婚，却遭到建中与家里所有人的坚决反对。 建中并宣称，他代表岳父以学校董事长的名义，将敏华撤职。绍常为维护他和敏华的感情，也毅然离开学校。他俩结婚后，共同创办另一所小学。 在新学校开学之日，也正是敏华的婴儿呱呱坠地之时，他们都感到“生命无处不在”的喜悦。
can dong,残冬,1949,End of Winter,Guotai Film Company,B&W,Added on 26/Apr/2023,杨小仲,包蕾,束夷 / 苏曼意 / 温锡莹 / 凌之浩 / 莫愁 / 凌云 / 马骥 / 房珊 / 杨志卿 / 周伯勋 / 周起,柳中浩 (监制) / 周伯勋 (制片主任) / 陶由 (副导演) / 周诗穆 (摄影) / 谈鹤鸣 (录音) / 童玉庭 (布景) / 黄贻钧 (音乐) / 许明 (剪辑) / 严兆德 (洗印) / 杭子玉 (洗印) / 李思慎 (剧务) / 马爱珍 (场记) / 许垦 (化妆) / 崔元良 (场务) / 何菊生 (道具) / 葛宾甫 (服装) / 章庄华 (布景) / 张瑞庆 (美术),萧宝莲是个可怜的孩子，因家境贫寒，在旧邻居王曼玲的介绍下当了舞女，并很快红了起来，但仍摆脱不了“干妈”薛如云和流氓徐尤耕的控制与压迫。她爱上了叶复清，宝莲想借此摆脱她的伴舞生涯。可叶复清却是个口是心非的无赖，和另一个富家小姐订了婚，宝莲的愿望落了空。后来，宝莲受了刺激，不幸又中了富商严仲甫的圈套，被迫做了他的姨太太。一次，宝莲与叶复清又一次重逢，在他的花言巧语下，软弱的宝莲再次被欺骗。当她和叶某约会时，被严仲甫发现，严仲甫一顿毒打将她赶出了家门。无奈之下，宝莲只好再次下海，历经种种磨难，却仍逃不脱魔掌。在残冬的日子里，姐妹们告诉她年头就要变了，宝莲心里默默祈祷着，希望春天快点到来……
die hai xiong feng,谍海雄风,1949,A Heroic Spy,中联影业公司 (Hong Kong),B&W,Added on 26/Apr/2023,陈翼青,顾梦鹤,白光 / 张翼 / 梅熹 / 韩兰根 / 关宏达 / 殷秀岑 / 洪警铃 / 张琬 / 杨志卿 / 章志直 / 顾梦鹤 / 金奇 / 尔群 / 陈雷 / 杨诚 / 冯奇 / 柳影 / 尚华 / 吴树鸿 / 朱云山 / 希若 / 姚亚影 / 范锦华,薛伯青 (摄影) / 薛岱云 (摄影助理) / 严玉良 (录音) / 吴家骅 (录音助理) / 仲慰 (布景) / 黎锦光 (音乐) / 张英 (作词) / 刘甦 (作曲) / 许荷香 (洗印) / 杜振昆 (洗印) / 韦纯葆 (剪辑) / 陈雷 (剧务) / 予恕 (场记) / 吴瑞林 (场务) / 曲延椿 (场务) / 何菊生 (道具) / 范锦华 (化妆) / 何子英 (服装),抗战期间，国民党特工王无畏、王士雄等人在北方完成了秘密工作，奉命乘船返回上海，无畏意外地见到了恋人交际花洪明娟。船上有大批准备援助驻沪日军的物资，士雄等果断将船炸毁，并逃上了救生艇，途中将洪明娟救起，后搭上了一艘货船。包船的李某与洪明娟同是敌伪间谍，二人正在密谈，士雄等闯入。为掩护自己，洪明娟将李某击毙。到上海后无畏不顾士雄的警告与洪明娟同居，最终选择了自杀，临终前将一份密件交与洪明娟，嘱其立即焚毁……
huang yuan yan ji,荒园艳迹,1949,Murder in an Abandoned Garden,Guotai Film Company,B&W,Added on 26/Apr/2023,杨小仲,张彻,蓝天虹 / 吴惊鸿 / 杨志卿 / 张琬 / 阳华 / 徐垦 / 高扬 / 陈云华,柳中浩 (监制) / 徐欣夫 (制片主任),大陆戏院当家台柱冷云是戏院经理齐克安的养女，其生母林白燕十八年前也曾是戏院台柱，但冷云并不知情。克安之子齐冲与冷云从小青梅竹马，感情深厚。中年男子贾葆真对冷云十分痴迷，一次将冷云骗到公寓意图非礼，冷云拼命逃脱。次日贾葆真被人刺死在公寓，现场发现一封恐吓信，信中提到了冷云，地上还有一支刻有冷云名字的钢笔。冷云遂被警察作为嫌犯逮捕。齐冲不愿冷云受苦，到警局投案，自认凶手。而冷云在回家后的第二天突然失踪……
ji fan feng yu,几番风雨,1949,Setbacks in Their Life,Datong Film Company,B&W,Added on 26/Apr/2023,何兆璋,洪深 / 赵清阁,严碧丽 / 唐葭村 / 林默予 / 朱琳 / 范来 / 葛梅强 / 关嘉丽 / 束夷 / 韩涛 / 梁明 / 史原 / 周刍 / 于冲 / 夏冬 / 宏霞 / 华重山 / 曹龄青 / 强明 / 丁惟明 / 高博 / 曼萍 / 罗静宜 / 张瞳 / 朱云山,柳中浩 (监制) / 张石川 (制片) / 罗从周 (摄影) / 王玉如 (摄影) / 袁庆余 (录音) / 姚守清 (录音) / 董萍 (布景) / 黄贻钧 (音乐) / 王梦石 (化妆) / 陈瑞和 (剪辑) / 赵家树 (剪辑) / 严兆德 (洗印) / 杭子玉 (洗印) / 萧寿生 (洗印) / 夏冬 (剧务) / 金鹤良 (服装) / 何品芳 (道具) / 薛根宝 (陈设) / 徐应生 (场务),抗战时期，江有恒一家住在上海一隅，江家有三个女儿：大女儿淑珍嫁给中学教员刘明轩，婚后一直寄居娘家，长年劳累，却安命自如；二女儿霭珍，抱独身主义，就职于一家公司，早出晚归，悠然自得；三女儿惠珍，浪漫成性，爱慕虚荣，与某洋行方经理同居，但在父母家仍占一室。刘明轩患肺病，夜间咳嗽更烈，恐影响孩子安睡淑珍怂恿丈夫到三妹的房间借宿。因事先未征得三妹同意，从而引起一场争吵，三妹对姐夫颇多奚落，淑珍只好暗自流泪。 　惠珍在家逞强，在外却备受欺凌。方经理又与陈小姐厮混，她在一气之下，也与过去曾经相爱的画家来往。方经理即据此将她逐出家门。方经理的亲信小荆乘隙向惠珍进攻，既诈骗她的钱财，又企图占有她的身体，惠珍愤极，将小荆骗至山坡公路旁，灌醉后推他坠崖而死，自己也驾车撞山而亡。霭珍穷于应付几位追求者的纠缠，但对其中一位记者李青山却有好感，当他正式想她表白时，却又婉言拒绝。李青山怏怏回到江西老家，由父母作主，与另一女子成婚。后又来信，请霭珍前去合办儿童乐园。她告别父母与大姐、姐夫，踏上了新的人生征途。
li ren xing,丽人行,1949,A March of Beauties,Kunlun Film Company,B&W,Added on 26/Apr/2023,陈鲤庭,田汉,上官云珠 / 周峰 / 高重宝 / 黄宗英 / 蓝马 / 沙莉 / 马宗英 / 王苹 / 张翼 / 刘小沪 / 赵丹 / 田广才 / 王杰 / 孟浪 / 石炎 / 方平 / 阮斐 / 林秋 / 刘碧堂 / 周星 / 王静安 / 许秉铎 / 严恭 / 费克 / 程漠 / 周泓 / 方维丽 / 谭震 / 王为一 / 夏天 / 傅伯棠,任宗德 (制片) / 赵明 (副导演) / 吴蔚云 (技术顾问) / 韩仲良 (摄影) / 沈喜林 (摄影助理) / 孙良录 (录音) / 张福宝 (录音) / 华耀祖 (录音助理) / 陆奇生 (灯光) / 叶苗 (布景) / 牛葆荣 (布景助理) / 徐子诚 (美术) / 诸富祥 (布景设计) / 王云阶 (音乐) / 丁伯和 (配音) / 辛汉文 (造型设计) / 石炎 (剧务) / 孟远 (场记) / 张普人 (场务) / 姚志荣 (道具) / 曹明 (服装) / 姚永福 (化妆) / 邬廷芳 (剪辑) / 傅正义 (剪辑) / 吴增荣 (洗印) / 周教大 (洗印) / 徐而泉 (洗印) / 裘葛 (摄影),1944年，沦陷的上海。女工金妹放工回家途中，遭日军强暴，痛不欲生。刘大哥、孟南和李新群将金妹救至友人梁若英家中。若英因丈夫章玉良赴内地参加抗战，不耐贫困和寂寞，又嫁与银行家王仲原，但又对王的亲日态度感到不安。一日，若英收到玉良来信，言其已来上海，欲见爱女贝贝，相约在孟南、新群家晤面。若英如约前往，与玉良谈话间，日军密探突至，误认他俩为孟南、新群而捕去。孟南迅即离开上海。金妹受辱后，又遭厂方解雇，丈夫友生也被流氓殴打而双目失明。金妹为维持生活及替丈夫治疗，被迫为娼。玉良、若英因没有罪证被释，玉良继续从事地下抗日活动，若英贪恋物质享受，仍然与王仲原生活。王接受日军指使，成立“东亚出版社”，刘大哥、玉良、新群与之斗争。若英发现王另有外遇，继而察觉王的卖国行径，不禁悔恨交集。此时玉良为避敌人追捕，已携贝贝离沪。若英深感无脸见人，遗书新群，来到江边，无意中发现金妹。原来金妹因不堪凌辱及丈夫误解，投江被救。若英弃绝死念，在新群的帮助下，和金妹一起踏上新的征途。
mu qin (1949),母亲,1949,Mother,Wenhua Film Company,B&W,Added on 26/Apr/2023; Same title with a 1956 film,石挥,石挥,秦怡 / 沈扬 / 王龙基 / 崔超明 / 杜丽珠 / 吕媚莲 / 周小朋 / 林榛 / 田振东 / 江山 / 余仲英 / 孟树范 / 苏曼 / 李敏珠 / 李盛左 / 耿震 / 张翚 / 黎频 / 莫愁 / 田太宣 / 卫禹平 / 程之 / 胡小菡 / 何学初 / 童葆苓 / 华臣 / 伊斯兰 / 方伯,叶明 (副导演) / 葛伟卿 (摄影) / 马林发 (摄影助理) / 朱伟刚 (录音) / 毛根 (录音助理) / 郭良 (录音助理) / 李恩杰 (布景) / 王云阶 (音乐) / 许明 (剪辑) / 傅继秋 (剪辑) / 杜振昆 (洗印) / 许荷香 (洗印) / 徐进 (剧务) / 王洁 (场记) / 程之 (化妆) / 戚秋鸣 (服装) / 张伟秋 (道具) / 牛汉城 (美术),陈素贞生有一子一女，儿名牛牛，女名贝贝。其夫终日沉溺声色，两个交际花为他争风吃醋，其中一个有后台的将他告上法庭，他输了官司又破了产，落得个投水自尽的下场。素珍带着孩子从祖传大宅迁入陋巷，为了生计素珍找了份家庭老师的工作，男主人何志远竟是她的老同学。志远新近丧妻，与素珍的偶遇使他又有了生活的热情。志远不久向素珍求婚，贝贝却在此时重病夭折。素珍自责没有照顾好女儿而拒绝了志远，从此节衣缩食供牛牛上学……
qing shan cui gu,青山翠谷,1949,The Green Valley,中央电影摄影场二厂,B&W,Added on 26/Apr/2023,岳枫,包蕾,罗兰 / 关宏达 / 戴耘 / 张鸿眉 / 卫禹平 / 蒋幼安 / 何学初 / 王路西 / 袁立风 / 岳路 / 顾梦鹤 / 李保罗 / 王骏,罗学濂 (监制) / 徐苏灵 (制片) / 石凤岐 (摄影) / 金学琴 (剪辑) / 翁世涛 (布景) / 庄凯庐 (道具) / 陆伯勤 (服装) / 薛志昌 (录音),地主刘大爷的儿子刘大痴又傻又哑，不慎落水里被佃户林大雄所救。霸道苛刻的刘大爷准备赏大雄一块银元了事，其继室却看中了大雄的健壮英俊，定要大雄在家中做长工。大雄与佃户庄老爹的女儿小娟相爱，小娟之兄大牛与刘家管家胡二爷之子小胡有过磨擦，胡二爷因此怀恨在心。胡二爷欲捉大牛去做修城的民夫，大牛闻信逃走，庄老爹却被抓进庄中地牢。小娟去求刘大爷，杨氏发现了大雄与小娟的恋情，便让刘大爷将小娟嫁给大痴。大雄此时亦被小胡诬陷为闹事者，为救大雄，小娟只得答应嫁给大痴……
sha ren ye,杀人夜,1949,A Murderous Night,新时代影业公司 (Hong Kong),B&W,Added on 26/Apr/2023,岳枫,杨甦,白光 / 严俊 / 韩涛 / 周起 / 王珏 / 井淼 / 殷秀岑 / 梅村 / 朱江,严克俊 (监制) / 严勤甫 (制片) / 胡杰 (副导演),心理学教授杨克心时常与在警局工作的好友赵宗奋在一沙龙聚会。沙龙边上有一照相馆，橱窗里贴了几张某女郎的照片，杨克心对女郎十分倾心。一晚杨克心与相片上的女郎偶遇，女郎恳请他送自己回家。女郎名叫李静怡，是流氓头子方温桥的情妇。二人交谈十分开心，一见如故，不料方温桥突然进来，打斗中杨克心摸到一把剪刀，竟将方当场刺死。杨克心准备自首，李静怡拦住了他，二人最终决定毁尸灭迹。方的保镖殷建偶然得知真相，开始对杨克心进行巨额勒索……
shi san hao nv dao,十三号女盗,1949,Female Thief No. 13,启华影片公司 (Hong Kong),B&W,Added on 26/Apr/2023; Also known as 《还我清白》,屠光启,屠光启,欧阳莎菲 / 吕玉堃 / 陈云华 / 杨志卿 / 刘小沪 / 姜修 / 屠光启,陈震祥 (摄影),孤苦无助的施凤莲为了安葬父母借了应飞的印子钱，由于无力偿还，只得听从应飞摆布做了名女盗，三年前的一天在作案时被捕后入狱。三年过去，重获自由的凤莲决心好好做人，更让她兴奋的是认识了青年教师张家浩，让她重新体会了善良与温情。警官张家冷坚决反对弟弟家浩与女盗交往，为了不玷污家浩的清白，凤莲只得离开家浩，到王家做保姆，没想到在那里又碰到了做家庭老师的家浩，重逢使二人坚定了共同争取幸福的决心。而此时，应飞盯上了王家的祖传玉玺……
shuang qiang nv xia,双枪女侠,1949,The Double-gun Heroine,华星影业公司 (Hong Kong),B&W,Added on 26/Apr/2023,吴文超,叶逸芳,华香琳 / 王曼娜 / 韩兰根 / 关宏达 / 于素秋 / 严肃 / 岳麟 / 章志直 / 殷秀岑,陈震祥 (摄影),仗势欺人的谭海天是林将军的参谋，糊涂的林将军却将其视为亲信。谭海天欲强奸女伶白珊瑚，被双枪女侠阻止，并令其不得再打白的主意。谭海天气恼之下将白介绍给林将军，林将军见白貌美便将其留在府中。林将军之女林飞燕前去劝阻，父女二人发生了激烈的争吵。名角碧云天是白的表兄，二人从小青梅竹马。林将军请碧云天到府中演出，碧云天与白得以暗中相会，不料被谭海天窥见。谭借此要挟，白依然不从，谭便在林将军面前大进谗言，白、碧被关进石屋。
yin hai huan meng,银海幻梦,1949,A Dream in the World of Cinema,中央电影摄影场一厂,B&W,Added on 26/Apr/2023,唐煌,,岳路 / 秦文 / 朱月影 / 罗丹 / 孙侠 / 徐缓 / 李丹凝 / 应国珍 / 杨雪如 / 李静康 / 高秋 / 沈继禹 / 苏鸿 / 钱能 / 陈濠 / 叶小铿 / 邵华,江上鸥 (执行导演) / 李憾山 (剧本整理) / 罗学濂 (监制) / 裘逸苇 (制片) / 徐昂千 (制片),大年除夕，胡老太爷一家老小十余人聚到了一起。大家都爱好看电影，三小姐提议每人讲述一部自己最喜欢的影片，众人一致赞同，讲至深夜方各自就寝。二小姐梦到了《粉墨筝琶》里的童芷苓对魏鹤龄唱小调的一段，不由微笑，却被丈夫疑为有了外遇。三小姐梦到张伐在《悬崖勒马》中枪杀了白光，心痛不已。四少爷接到电话让全家去拍《寻梦记》，醒来才知仍为一梦……楼下厅中，一家中又聚到了一起，纷纷感叹人生如梦，凡事不必太过认真。
ying cheng qi tan,影城奇谭,1949,Mystery in a Film Studio,Guotai Film Company,B&W,Added on 26/Apr/2023,,,童芷苓 / 欧阳莎菲,柳中浩 (监制) / 周伯勋 (制片主任),以“国泰”成立以来出品的每部影片的主要镜头剪辑而成。影迷俱乐部举行盛大的化装舞会，大家各展所长，化装成自己所崇拜的中外电影明星。突然，楼上传来令人毛骨悚然的尖叫，舞场秩序大乱。一名女演员中弹倒在地上，一个身形庞大的黑影从走廊一头掠过，又迅速下楼，进入大门外的汽车后扬长而去。为查明真相，几名影迷紧随而去。汽车在一家电影公司门前停下，黑影大摇大摆进了大门。影迷们也想办法混了进去，并闯进了摄影棚。他们终于找到了大黑影，却原来是一架罩着黑布的摄影机。
zai sheng nian hua,再生年华,1949,His Years of Being Reborn,华侨影业公司 (Hong Kong),B&W,Added on 26/Apr/2023,唐绍华,陶熊,项堃 / 李季 / 阮斐 / 严斐 / 叶小铿 / 于复瑛 / 严俊 / 胡小菡 / 白郎 / 江山 / 苏鸿 / 朱月影 / 梁明 / 董霖 / 陈娟娟 / 朱红 / 苏曼意 / 田太宣 / 冯继雄 / 何剑飞,杜振昆 (洗印) / 叶苗 (布景) / 徐平 (剧务) / 高运昌 (灯光) / 吴江海 (录音) / 李农 (场记) / 许荷香 (剪辑) / 许明 (剪辑) / 李生伟 (摄影) / 黄贻钧 (作曲) / 陆洪恩 (音乐) / 沈西琳 (制片) / 项堃 (制片) / 李君侠 (监制),邬万里是一家公司的职员。他的妻子吴惠娟非常贤惠，夫妻俩结婚12年有一子一女，生活还算幸福。因为万里贫穷，常常受到岳母的嘲讽，万里便帮助别人销售私货，由于警察来抓，他立即逃走。在外面呆了许多年，家人都以为他已经死了。惠娟在其母的逼迫下，带着儿女嫁给了富豪朱润干。有一天，万里在报纸上看到女儿即将举办音乐会的消息，立刻赶回家乡，万里在音乐会上见到了妻子和女儿，也知道儿子已在其继父的影响下堕落成了不良青年。为了不影响女儿的生活，万里忍着悲痛继续过着流离颠沛的生活。
chou shen si hai,仇深似海,1950,The Deepest Hatred,Guotai Film Company,B&W,Added on 26/Apr/2023,徐苏灵,吴铁翼,周曼华 / 高占非 / 沈扬 / 周起 / 高笑鸥 / 白荷 / 陶由 / 苏曼意,,殷福堂是江南小镇南河泾的恶霸地主，为给灵通寺的菩萨开光向乡民强派壮丁。青年张全根被抽中，在未婚妻阿双之父陈老爹的指点下，全根去苏北投奔打游击的同乡阿康。得知全根逃跑，殷福堂强行将阿双之兄阿本拉去顶替，从此音信全无。狗腿子侯三对阿双图谋不轨未遂，借征粮之事对陈家百般刁难。淮海战役打响，殷福堂自知气数将尽，竟欲将陈老爹活埋。危急之时全根带着游击队赶到，解放了南河泾，救出了陈老爹，殷福堂亦被活捉。
he ping ge,和平鸽,1951,Peace Dove,Da Guangming Film Company,B&W,Added on 26/Apr/2023,陶金,刘任涛,顾而已 / 张立德 / 郑敏 / 陶金 / 周璇 / 顾也鲁 / 高占非 / 张琬 / 王凯 / 戴衍万 / 白荻 / 白兰 / 陈家青 / 王海兰 / 钱玲 / 周静 / 陈小英 / 薛咏 / 徐薇 / 何小玲 / 康瑛 / 田音 / 李凯 /李行 / 陈雷 / 金奇 / 林默予 / 苏曼意 / 贺宾 / 张涵 / 张铮 / 陈风 / 晨波 / 王桂林 / 华华 / 于复美,丁里 (副导演) / 陈震祥 (摄影) / 贡明熙 (摄影助理) / 徐存和 (照明) / 邵子和 (录音) / 任心良 (录音) / 杭子玉 (洗印) / 严兆德 (洗印) / 张立群 (剪辑) / 沈维善 (布景) / 林福增 (美术) / 时金彪 (剧务) / 韩杰纵 (剧务) / 奚良 (道具) / 陈凤 (服装) / 王凯 (化妆) / 李露清 (场务) / 陈阐蝉 (场记),上海解放后，市人民医院全体员工在工会主席、外科齐主任的带领下积极响应市总工会提出的“红五月生产竞赛活动”。钢铁厂工人王祥义因工骨折，主治医生赵大夫未加仔细诊治便草率地做了手术，王祥义离院后再度骨折。齐主任检讨自己领导失当，让赵大夫女友、外科护士蔡愉英亲自接王祥义回医院重做手术。美国侵入朝鲜半岛，齐大夫、蔡愉英等积极报名参加志愿赴朝医疗队，受齐太太刚从美国归来的弟弟的影响，赵大夫等亦纷纷报名赴朝...
san dui fu qi,三对夫妻,1950,Three Couples,Wenhua Film Company,B&W,Added on 26/Apr/2023,胡心灵,胡心灵,龚秋霞 / 吴茵 / 闵翠英 / 罗军 / 李君磐 / 红叶 / 姚萍 / 顾文宗 / 胡蓉蓉 / 赵突山,张丙生 (制片),江南干旱，百姓穷苦，小学校长金达人不得不关闭经营多年的学校，带着妻儿到上海寻找出路。一家人来到身为投机商的大哥金梦如家探望母亲，却看到金梦如正为亡父做九十诞辰阴寿，宾客如云。达人触景伤情，与金梦如话不投机，不欢而散。经朋友介绍，达人在报社找了份工作。金梦如非法屯米的勾当暴露，受到舆论广泛抨击。金梦如找达人帮忙，欲以金钱平息舆论，达人断然拒绝。金梦如怀恨在心，设计将达人陷害入狱……
xiang si shu,相思树,1951,The Tree of Love,Wenhua Film Company,B&W,Added on 26/Apr/2023,韩义 / 黄绍芬,钟泯 / 邵慕水,陈金莲 / 冯笑侬 / 王忠蝉 / 裘幼凤 / 任梅仙 / 筱风娟 / 沈小梅 / 金小芳 / 刘宝华 / 冯文锦 / 胡美云 / 徐小红 / 王琼仙 / 朱明明 / 袁如芬 / 张茵 / 筱水招 / 魏凤娟 / 王艳霞 / 袁雪芬 / 金艳芳 / 程奉先 / 沈月芳 / 胡少鹏 / 高剑琳 / 丁兆丰 / 李月芬 / 苏胜奎 / 金琳,许琦 (摄影) / 徐志良 (摄影) / 张锡龄 (摄影助理) / 谈鹤鸣 (录音指导) / 朱薇江 (录音) / 吴报章 (录音) / 毛根 (录音助理) / 沈孝祥 (录音助理) / 王月白 (布景) / 刘松年 (美术) / 牛汉城 (美术) / 马玮 (洗印) / 何超 (洗印) / 张玉 (洗印) / 吴报章 (剪辑) / 徐进 (剧务) / 曹韦 (剧务) / 马斐 (剧务) / 王洁 (场记) / 倪亦非 (化妆) / 张伟秋 (道具) /  马鸿祥 (服装) / 雪声剧团 (音乐) / 刘如曾 (指挥),宋国人韩凭，离别新娘贞夫上京求官，6年不归，贞夫绣鱼书，托人捎给韩凭，韩见鱼书相思入梦。上朝钟响，韩怀鱼书匆匆进宫，不慎鱼书落地，为好色无道的宋王所见，诬为奸细打入土牢。宋王将贞夫接来宫中，见她貌美，封为新娘娘，贞夫不从，宋王让贞夫与韩凭在清凌台相见，又毁韩容，贞夫借弓箭射血书于台下，韩接读血书后触箭自杀，贞夫亦跳台自尽，临死前求与夫合葬一处。宋王大怒，命分葬两处，遥遥相对，日后两坟前各长一树，渐成合抱。宋王命砍树，树倒，飞出一对鸳鸯，宋王发箭射下一片羽毛，取之观赏，毛忽生火，烧死宋王。不久两树重长，后人谓之相思树。 
yuan yang jian,鸳鸯剑,1951,Yuenyeung Sword,Guotai Film Company,B&W,Added on 26/Apr/2023,徐苏灵,林朴晔 / 卢敏,金川 / 王熙春 / 周起 / 马骥 / 顾德刚 / 李虹 / 李保罗 / 徐曼 / 康泰 / 沈亚伦 / 关宏达 / 冯奇 / 陶由 / 杨芳菁 / 许垦 / 冯继雄 / 王钩,,南宋时期，宋将焦光瓒率部投降金军，宋人引以为耻，贬去其部属之籍，将他们集中于绍兴一带，统称“堕民”，不得与一般平民通婚，更不得应试科举。转眼已是明朝末年，“堕民”裘江海与汪志豪情同手足，但志趣不同。江海为改变命运前去投奔闯王李自成，志豪则一意考取功名，并改名李志建投于学宿黄仲渊门下。富绅秦勉甫之女蕙兰与志建喜强连理，志建将家传的鸳鸯剑相赠。后志建考得了功名，真相却不幸暴露。秦勉甫欲行严办，蕙兰决意与志建生死相随。