Id,Label,GeoCategory,Affilations,Main Role,All Roles,Debut Year,Debut Region,Debut at Private Studio
0,"王滨","Northeast","Northeast Film Studio (1)","Director","Director (1)",1949,"Northeast","False"
1,"于敏","Northeast","Northeast Film Studio (1)","Scriptwriter","Scriptwriter (1)",1949,"Northeast","False"
2,"王家乙","Northeast","Northeast Film Studio (2)","Acting","Acting (2)",1949,"Northeast","False"
3,"吕班","Northeast","Northeast Film Studio (2)","Acting","Acting (2) & 副导演 (1)",1949,"Northeast","False"
4,"江浩","Northeast","Northeast Film Studio (2)","剧务 | Acting | 剧务主任","剧务 (1) & Acting (1) & 剧务主任 (1)",1949,"Northeast","False"
5,"陈强","Northeast","Northeast Film Studio (2)","Acting","Acting (2)",1949,"Northeast","False"
6,"杜德夫","Northeast","Northeast Film Studio (2)","Acting","Acting (2)",1949,"Northeast","False"
7,"于洋","Northeast","Northeast Film Studio (3)","Acting","Acting (3)",1949,"Northeast","False"
8,"鲁非","Northeast","Northeast Film Studio (2)","Acting","Acting (2)",1949,"Northeast","False"
9,"傅杰","Northeast","Northeast Film Studio (1)","Acting","Acting (1)",1949,"Northeast","False"
10,"袁月华","Northeast","Northeast Film Studio (1)","Acting","Acting (1)",1949,"Northeast","False"
11,"高均","Northeast","Northeast Film Studio (2)","Acting","Acting (2)",1949,"Northeast","False"
12,"王利夫","Northeast","Northeast Film Studio (1)","Acting","Acting (1)",1949,"Northeast","False"
13,"金风","Northeast","Northeast Film Studio (2)","Acting","Acting (2)",1949,"Northeast","False"
14,"武愚","Northeast","Northeast Film Studio (2)","Acting","Acting (2) & 场务 (1)",1949,"Northeast","False"
15,"柳塘","Northeast","Northeast Film Studio (1)","Acting","Acting (1)",1949,"Northeast","False"
16,"王春英","Northeast","Northeast Film Studio (1)","Acting","Acting (1)",1949,"Northeast","False"
17,"孙笑非","Northeast","Northeast Film Studio (3)","Acting","Acting (3)",1949,"Northeast","False"
18,"张敬平","Northeast","Northeast Film Studio (2)","Acting","Acting (2)",1949,"Northeast","False"
19,"梁音","Northeast","Northeast Film Studio (3)","Acting","Acting (3)",1949,"Northeast","False"
20,"苗灵","Northeast","Northeast Film Studio (2)","Acting","Acting (2)",1949,"Northeast","False"
21,"于致中","Northeast","Northeast Film Studio (1)","Acting","Acting (1)",1949,"Northeast","False"
22,"蔺娜","Northeast","Northeast Film Studio (1)","Acting | 服装","服装 (1) & Acting (1)",1949,"Northeast","False"
23,"包杰","Northeast","Northeast Film Studio (1)","摄影","摄影 (1)",1949,"Northeast","False"
24,"刘学尧","Northeast","Northeast Film Studio (2)","美术设计 | 美术","美术 (1) & 美术设计 (1)",1949,"Northeast","False"
25,"何士德","Northeast","Northeast Film Studio (2)","作曲","作曲 (2)",1949,"Northeast","False"
26,"吕宪昌","Northeast","Northeast Film Studio (2)","录音","录音 (2)",1949,"Northeast","False"
27,"马天文","Northeast","Northeast Film Studio (2)","照明","照明 (2)",1949,"Northeast","False"
28,"世为","Northeast","Northeast Film Studio (3)","特技","特技 (3)",1949,"Northeast","False"
29,"宋杰","Northeast","Northeast Film Studio (2)","场记","场记 (2)",1949,"Northeast","False"
30,"潘英","Northeast","Northeast Film Studio (2)","场务","场务 (2)",1949,"Northeast","False"
31,"董志国","Northeast","Northeast Film Studio (1)","场务","场务 (1)",1949,"Northeast","False"
32,"牟华","Northeast","Northeast Film Studio (1)","服装","服装 (1)",1949,"Northeast","False"
33,"毕泽普","Northeast","Northeast Film Studio (1)","化妆","化妆 (1)",1949,"Northeast","False"
34,"贾益三","Northeast","Northeast Film Studio (2)","道具","道具 (2)",1949,"Northeast","False"
35,"鲁潍","Northeast","Northeast Film Studio (1)","洗印","洗印 (1)",1949,"Northeast","False"
36,"安芙梅","Northeast","Northeast Film Studio (2)","剪接","剪接 (2)",1949,"Northeast","False"
37,"祖述志","Northeast","Northeast Film Studio (1)","剪接","剪接 (1)",1949,"Northeast","False"
38,"成荫","Northeast","Northeast Film Studio (1)","Scriptwriter | Director","Director (1) & Scriptwriter (1)",1949,"Northeast","False"
39,"林克","Northeast","Northeast Film Studio (1)","Acting","Acting (1)",1949,"Northeast","False"
40,"关贵祥","Northeast","Northeast Film Studio (1)","Acting","Acting (1)",1949,"Northeast","False"
41,"武兆堤","Northeast","Northeast Film Studio (1)","Acting","Acting (1)",1949,"Northeast","False"
42,"塞声","Northeast","Northeast Film Studio (1)","Acting","Acting (1)",1949,"Northeast","False"
43,"孙辉","Northeast","Northeast Film Studio (1)","Acting","Acting (1)",1949,"Northeast","False"
44,"曹瑞","Northeast","Northeast Film Studio (1)","Acting","Acting (1)",1949,"Northeast","False"
45,"王冰","Northeast","Northeast Film Studio (1)","Acting","Acting (1)",1949,"Northeast","False"
46,"李司野","Northeast","Northeast Film Studio (1)","Acting","Acting (1)",1949,"Northeast","False"
47,"苏里","Northeast","Northeast Film Studio (1)","Acting","Acting (1)",1949,"Northeast","False"
48,"李维新","Northeast","Northeast Film Studio (1)","Acting","Acting (1)",1949,"Northeast","False"
49,"李蒙","Northeast","Northeast Film Studio (1)","Acting","Acting (1)",1949,"Northeast","False"
50,"马学海","Northeast","Northeast Film Studio (1)","Acting","Acting (1)",1949,"Northeast","False"
51,"于钟黎","Northeast","Northeast Film Studio (1)","Acting","Acting (1)",1949,"Northeast","False"
52,"文友","Northeast","Northeast Film Studio (1)","Acting","Acting (1)",1949,"Northeast","False"
53,"黎光","Northeast","Northeast Film Studio (1)","Acting","Acting (1)",1949,"Northeast","False"
54,"王祖述","Northeast","Northeast Film Studio (1)","Acting","Acting (1)",1949,"Northeast","False"
55,"张玉昆","Northeast","Northeast Film Studio (1)","Acting","Acting (1)",1949,"Northeast","False"
56,"邹继才","Northeast","Northeast Film Studio (1)","Acting","Acting (1)",1949,"Northeast","False"
57,"王少梅","Northeast","Northeast Film Studio (1)","Acting","Acting (1)",1949,"Northeast","False"
58,"李锦富","Northeast","Northeast Film Studio (1)","Acting","Acting (1)",1949,"Northeast","False"
59,"艾云鹏","Northeast","Northeast Film Studio (1)","Acting","Acting (1)",1949,"Northeast","False"
60,"马玺林","Northeast","Northeast Film Studio (1)","Acting","Acting (1)",1949,"Northeast","False"
61,"吴伯仁","Northeast","Northeast Film Studio (1)","Acting","Acting (1)",1949,"Northeast","False"
62,"刘增文","Northeast","Northeast Film Studio (1)","Acting","Acting (1)",1949,"Northeast","False"
63,"乔传荣","Northeast","Northeast Film Studio (1)","Acting","Acting (1)",1949,"Northeast","False"
64,"周献","Northeast","Northeast Film Studio (1)","Acting","Acting (1)",1949,"Northeast","False"
65,"丁克明","Northeast","Northeast Film Studio (1)","Acting","Acting (1)",1949,"Northeast","False"
66,"王玉湖","Northeast","Northeast Film Studio (1)","Acting","Acting (1)",1949,"Northeast","False"
67,"孟庆祥","Northeast","Northeast Film Studio (1)","Acting","Acting (1)",1949,"Northeast","False"
68,"吴长龙","Northeast","Northeast Film Studio (1)","Acting","Acting (1)",1949,"Northeast","False"
69,"成立业","Northeast","Northeast Film Studio (1)","Acting","Acting (1)",1949,"Northeast","False"
70,"周顺礼","Northeast","Northeast Film Studio (1)","Acting","Acting (1)",1949,"Northeast","False"
71,"李白水","Northeast","Northeast Film Studio (1)","Acting","Acting (1)",1949,"Northeast","False"
72,"李光惠","Northeast","Northeast Film Studio (1)","摄影","摄影 (1)",1949,"Northeast","False"
73,"朱革","Northeast","Northeast Film Studio (2)","布景设计 | 布景","布景 (1) & 布景设计 (1)",1949,"Northeast","False"
74,"吴因","Northeast","Northeast Film Studio (1)","作曲","作曲 (1)",1949,"Northeast","False"
75,"巩志伟","Northeast","Northeast Film Studio (1)","作曲","作曲 (1)",1949,"Northeast","False"
76,"张棣昌","Northeast","Northeast Film Studio (1)","作曲","作曲 (1)",1949,"Northeast","False"
77,"陈文渊","Northeast","Northeast Film Studio (2)","录音","录音 (2)",1949,"Northeast","False"
78,"陈田","Northeast","Northeast Film Studio (1)","照明","照明 (1)",1949,"Northeast","False"
79,"李存邦","Northeast","Northeast Film Studio (4)","洗印","洗印 (4)",1949,"Northeast","False"
80,"唐顺","Northeast","Northeast Film Studio (2)","洗印","洗印 (2)",1949,"Northeast","False"
81,"贾文锦","Northeast","Northeast Film Studio (2)","剪接","剪接 (2)",1949,"Northeast","False"
82,"王光彦","Northeast","Northeast Film Studio (1)","剧务主任","剧务主任 (1)",1949,"Northeast","False"
83,"郭奕","Northeast","Northeast Film Studio (1)","场记","场记 (1)",1949,"Northeast","False"
84,"罗泰","Northeast","Northeast Film Studio (3)","Acting","化妆 (1) & Acting (2)",1949,"Northeast","False"
85,"许珂","Northeast","Northeast Film Studio (1)","Director","Director (1)",1949,"Northeast","False"
86,"陈波儿","Northeast","Northeast Film Studio (1)","Scriptwriter","Scriptwriter (1)",1949,"Northeast","False"
87,"张平","Northeast","Northeast Film Studio (3)","Acting","Acting (3) & 副导演 (1)",1949,"Northeast","False"
88,"王潍潍","Northeast","Northeast Film Studio (1)","Acting","Acting (1)",1949,"Northeast","False"
89,"欧阳如秋","Northeast","Northeast Film Studio (1)","Acting","Acting (1)",1949,"Northeast","False"
90,"张琪","Northeast","Northeast Film Studio (1)","Acting","Acting (1)",1949,"Northeast","False"
91,"于彦夫","Northeast","Northeast Film Studio (1)","Acting | 剧务主任","剧务主任 (1) & Acting (1)",1949,"Northeast","False"
92,"张莹","Northeast","Northeast Film Studio (1)","Acting","Acting (1)",1949,"Northeast","False"
93,"秋晨","Northeast","Northeast Film Studio (1)","Acting","Acting (1)",1949,"Northeast","False"
94,"王炎","Northeast","Northeast Film Studio (1)","Acting","Acting (1)",1949,"Northeast","False"
95,"陈克","Northeast","Northeast Film Studio (1)","Acting","Acting (1)",1949,"Northeast","False"
96,"荆杰","Northeast","Northeast Film Studio (1)","Acting","Acting (1)",1949,"Northeast","False"
97,"必克","Northeast","Northeast Film Studio (1)","Acting","Acting (1)",1949,"Northeast","False"
98,"崔斌","Northeast","Northeast Film Studio (1)","Acting","Acting (1)",1949,"Northeast","False"
99,"柳唐","Northeast","Northeast Film Studio (1)","Acting","Acting (1)",1949,"Northeast","False"
100,"蓝旅","Northeast","Northeast Film Studio (1)","Acting","Acting (1)",1949,"Northeast","False"
101,"傅宏","Northeast","Northeast Film Studio (2)","摄影","摄影 (2)",1949,"Northeast","False"
102,"徐渭","Northeast","Northeast Film Studio (1)","布景","布景 (1)",1949,"Northeast","False"
103,"苏民","Northeast","Northeast Film Studio (1)","作曲","作曲 (1)",1949,"Northeast","False"
104,"隋锡忠","Northeast","Northeast Film Studio (1)","录音","录音 (1)",1949,"Northeast","False"
105,"包万伶","Northeast","Northeast Film Studio (1)","摄影助理","摄影助理 (1)",1949,"Northeast","False"
106,"于方","Northeast","Northeast Film Studio (1)","录音助理","录音助理 (1)",1949,"Northeast","False"
107,"庞贵","Northeast","Northeast Film Studio (1)","特技","特技 (1)",1949,"Northeast","False"
108,"曾希忠","Northeast","Northeast Film Studio (2)","照明","照明 (2)",1949,"Northeast","False"
109,"张朴实","Northeast","Northeast Film Studio (1)","场务","场务 (1)",1949,"Northeast","False"
110,"李慧颖","Northeast","Northeast Film Studio (1)","场记","场记 (1)",1949,"Northeast","False"
111,"李影","Northeast","Northeast Film Studio (1)","化妆","化妆 (1)",1949,"Northeast","False"
112,"薛雁","Northeast","Northeast Film Studio (2)","Acting | 服装","服装 (1) & Acting (1)",1949,"Northeast","False"
113,"凌子风","Northeast","Northeast Film Studio (1)","Director","Director (1)",1949,"Northeast","False"
114,"翟强","Northeast","Northeast Film Studio (1)","Acting | Director","Director (1) & Acting (1)",1949,"Northeast","False"
115,"颜一烟","Northeast","Northeast Film Studio (1)","Scriptwriter","Scriptwriter (1)",1949,"Northeast","False"
116,"张铮","Northeast","Northeast Film Studio (1)","Acting","Acting (1)",1949,"Northeast","False"
117,"岳慎","Northeast","Northeast Film Studio (1)","Acting","Acting (1)",1949,"Northeast","False"
118,"柏李","Northeast","Northeast Film Studio (1)","Acting","Acting (1)",1949,"Northeast","False"
119,"秦布华","Northeast","Northeast Film Studio (1)","Acting","Acting (1)",1949,"Northeast","False"
120,"周苏菲","Northeast","Northeast Film Studio (1)","Acting","Acting (1)",1949,"Northeast","False"
121,"孙月枝","Northeast","Northeast Film Studio (1)","Acting","Acting (1)",1949,"Northeast","False"
122,"周莹箴","Northeast","Northeast Film Studio (1)","Acting","Acting (1)",1949,"Northeast","False"
123,"李超","Northeast","Northeast Film Studio (1)","Acting","Acting (1)",1949,"Northeast","False"
124,"华永庄","Northeast","Northeast Film Studio (1)","Acting","Acting (1)",1949,"Northeast","False"
125,"王英","Northeast","Northeast Film Studio (1)","Acting","Acting (1)",1949,"Northeast","False"
126,"李先觉","Northeast","Northeast Film Studio (1)","Acting","Acting (1)",1949,"Northeast","False"
127,"岳忠华","Northeast","Northeast Film Studio (1)","Acting","Acting (1)",1949,"Northeast","False"
128,"刘武县","Northeast","Northeast Film Studio (1)","Acting","Acting (1)",1949,"Northeast","False"
129,"牛景纯","Northeast","Northeast Film Studio (1)","Acting","Acting (1)",1949,"Northeast","False"
130,"张有慧","Northeast","Northeast Film Studio (1)","Acting","Acting (1)",1949,"Northeast","False"
131,"杜凤侠","Northeast","Northeast Film Studio (1)","Acting","Acting (1)",1949,"Northeast","False"
132,"刘晶昆","Northeast","Northeast Film Studio (1)","Acting","Acting (1)",1949,"Northeast","False"
133,"关航","Northeast","Northeast Film Studio (1)","Acting","Acting (1)",1949,"Northeast","False"
134,"钱江","Northeast","Northeast Film Studio (1)","摄影","摄影 (1)",1949,"Northeast","False"
135,"葛炎","Northeast","Northeast Film Studio (1)","作曲","作曲 (1)",1949,"Northeast","False"
136,"唐远之","Northeast","Northeast Film Studio (1)","剧务主任","剧务主任 (1)",1949,"Northeast","False"
137,"刘力","Northeast","Northeast Film Studio (1)","场记","场记 (1)",1949,"Northeast","False"
138,"蔡光","Northeast","Northeast Film Studio (1)","特技","特技 (1)",1949,"Northeast","False"
139,"苏云鹏","Northeast","Northeast Film Studio (1)","道具","道具 (1)",1949,"Northeast","False"
140,"李延江","Northeast","Northeast Film Studio (1)","照明","照明 (1)",1949,"Northeast","False"
141,"王文起","Northeast","Northeast Film Studio (1)","照明","照明 (1)",1949,"Northeast","False"
142,"汲永源","Northeast","Northeast Film Studio (1)","洗印","洗印 (1)",1949,"Northeast","False"
143,"明伟","Northeast","Northeast Film Studio (2)","剪接","剪接 (2)",1949,"Northeast","False"
144,"李玉英","Northeast","Northeast Film Studio (1)","剪接","剪接 (1)",1949,"Northeast","False"
145,"冯白鲁","Northeast","Northeast Film Studio (1)","Director","Director (1)",1949,"Northeast","False"
146,"王震之","Northeast","Northeast Film Studio (1)","Scriptwriter","Scriptwriter (1)",1949,"Northeast","False"
147,"于蓝","Northeast","Northeast Film Studio (1)","Acting","Acting (1)",1949,"Northeast","False"
148,"安琪","Northeast","Northeast Film Studio (1)","Acting","Acting (1)",1949,"Northeast","False"
149,"苏苓","Northeast","Northeast Film Studio (1)","Acting","Acting (1)",1949,"Northeast","False"
150,"黄玲","Northeast","Northeast Film Studio (1)","Acting","Acting (1)",1949,"Northeast","False"
151,"刘儒","Northeast","Northeast Film Studio (1)","Acting","Acting (1)",1949,"Northeast","False"
152,"马守清","Northeast","Northeast Film Studio (1)","摄影","摄影 (1)",1949,"Northeast","False"
153,"高田","Northeast","Northeast Film Studio (1)","作曲","作曲 (1)",1949,"Northeast","False"
154,"赵鸿钧","Northeast","Northeast Film Studio (1)","录音","录音 (1)",1949,"Northeast","False"
155,"郑国恩","Northeast","Northeast Film Studio (1)","照明助理","照明助理 (1)",1949,"Northeast","False"
156,"傅英杰","Northeast","Northeast Film Studio (1)","录音助理","录音助理 (1)",1949,"Northeast","False"
157,"高振环","Northeast","Northeast Film Studio (1)","录音助理","录音助理 (1)",1949,"Northeast","False"
158,"王永瑞","Northeast","Northeast Film Studio (1)","置景","置景 (1)",1949,"Northeast","False"
159,"织田","Northeast","Northeast Film Studio (1)","特技","特技 (1)",1949,"Northeast","False"
160,"阎永三","Northeast","Northeast Film Studio (1)","特技","特技 (1)",1949,"Northeast","False"
161,"钱仲选","Northeast","Northeast Film Studio (1)","洗印","洗印 (1)",1949,"Northeast","False"
162,"孙晓文","Northeast","Northeast Film Studio (1)","场记","场记 (1)",1949,"Northeast","False"
163,"王岚","Northeast","Northeast Film Studio (2) & Datong Film Company (1) & 中央电影摄影场一厂 (1)","Acting","场务 (1) & Acting (3)",1949,"Northeast","False"
164,"董士忠","Northeast","Northeast Film Studio (1)","场务","场务 (1)",1949,"Northeast","False"
165,"段明慨","Northeast","Northeast Film Studio (1)","医务顾问","医务顾问 (1)",1949,"Northeast","False"
166,"尹升山","Northeast","Northeast Film Studio (1)","指挥","指挥 (1)",1949,"Northeast","False"
167,"伊明","Northeast","Northeast Film Studio (1)","Scriptwriter | Director","Director (1) & Scriptwriter (1)",1949,"Northeast","False"
168,"姚向黎","Northeast","Northeast Film Studio (1)","Acting","Acting (1)",1949,"Northeast","False"
169,"刘西林","Northeast","Northeast Film Studio (1)","Acting","Acting (1)",1949,"Northeast","False"
170,"周克","Northeast","Northeast Film Studio (1)","Acting","Acting (1)",1949,"Northeast","False"
171,"孙凤琴","Northeast","Northeast Film Studio (1)","Acting","Acting (1)",1949,"Northeast","False"
172,"张路","Northeast","Northeast Film Studio (1)","Acting","Acting (1)",1949,"Northeast","False"
173,"陈民魂","Northeast","Northeast Film Studio (1)","摄影","摄影 (1)",1949,"Northeast","False"
174,"敬然","Northeast","Northeast Film Studio (1)","剧务","剧务 (1)",1949,"Northeast","False"
175,"董志围","Northeast","Northeast Film Studio (1)","剧务","剧务 (1)",1949,"Northeast","False"
176,"俞翼如","Northeast","Northeast Film Studio (1)","置景","置景 (1)",1949,"Northeast","False"
177,"佐临","Shanghai (private)","Wenhua Film Company (1)","Scriptwriter | Director","Director (1) & Scriptwriter (1)",1949,"Shanghai (private)","True"
178,"赵钱孙","Shanghai (private)","Wenhua Film Company (1)","Acting","Acting (1)",1949,"Shanghai (private)","True"
179,"程之","Shanghai (private)","Wenhua Film Company (3)","Acting","Acting (3) & 化妆 (2)",1949,"Shanghai (private)","True"
180,"沈扬","Shanghai (private)","Wenhua Film Company (3) & 远东影业公司 (1)","Acting","Acting (4)",1949,"Shanghai (private)","True"
181,"俞仲英","Shanghai (private)","Wenhua Film Company (1)","Acting","Acting (1)",1949,"Shanghai (private)","True"
182,"田振东","Shanghai (private)","Wenhua Film Company (3) & Datong Film Company (1) & Kunlun Film Company (1)","Acting","Acting (5)",1949,"Shanghai (private)","True"
183,"崔超明","Shanghai (private)","Wenhua Film Company (3)","Acting","Acting (3)",1949,"Shanghai (private)","True"
184,"杨文龙","Shanghai (private)","Wenhua Film Company (1)","Acting","Acting (1)",1949,"Shanghai (private)","True"
185,"蔡元元","Shanghai (private)","Wenhua Film Company (1)","Acting","Acting (1)",1949,"Shanghai (private)","True"
186,"李春英","Shanghai (private)","Wenhua Film Company (1)","Acting","Acting (1)",1949,"Shanghai (private)","True"
187,"蔡松龄","Shanghai (private)","Wenhua Film Company (1)","Acting","Acting (1)",1949,"Shanghai (private)","True"
188,"黎频","Shanghai (private)","Wenhua Film Company (2)","Acting","Acting (2)",1949,"Shanghai (private)","True"
189,"杨肇文","Shanghai (private)","Wenhua Film Company (1)","Acting","Acting (1)",1949,"Shanghai (private)","True"
190,"李煊","Shanghai (private)","Wenhua Film Company (1)","Acting","Acting (1)",1949,"Shanghai (private)","True"
191,"周瑞德","Shanghai (private)","Wenhua Film Company (2)","Acting","Acting (2)",1949,"Shanghai (private)","True"
192,"苏曼","Shanghai (private)","Wenhua Film Company (2)","Acting","Acting (2)",1949,"Shanghai (private)","True"
193,"李保罗","Shanghai (roc) / Shanghai (private)","Wenhua Film Company (1) & 中央电影摄影场二厂 (2) & Kunlun Film Company (1)","Acting","Acting (4)",1949,"Shanghai (roc) / Shanghai (private)","True"
194,"石灵","Shanghai (private)","Wenhua Film Company (1)","Acting","Acting (1)",1949,"Shanghai (private)","True"
195,"韩明德","Shanghai (private)","Wenhua Film Company (1)","Acting","Acting (1)",1949,"Shanghai (private)","True"
196,"张劭","Shanghai (private)","Wenhua Film Company (1) & Kunlun Film Company (1)","Acting","Acting (2)",1949,"Shanghai (private)","True"
197,"王敏","Shanghai (private)","Wenhua Film Company (1)","Acting","Acting (1)",1949,"Shanghai (private)","True"
198,"李家","Shanghai (private)","Wenhua Film Company (1)","Acting","Acting (1)",1949,"Shanghai (private)","True"
199,"钟高年","Shanghai (private)","Wenhua Film Company (1)","Acting","Acting (1)",1949,"Shanghai (private)","True"
200,"薛容","Shanghai (private)","Wenhua Film Company (1)","Acting","Acting (1)",1949,"Shanghai (private)","True"
201,"罗森","Shanghai (private)","Wenhua Film Company (1)","Acting","Acting (1)",1949,"Shanghai (private)","True"
202,"许琦","Shanghai (private)","Wenhua Film Company (2)","摄影 | 剪辑","摄影 (1) & 剪辑 (1)",1949,"Shanghai (private)","True"
203,"郑小秋","Shanghai (private)","Datong Film Company (2)","Director","Director (2)",1949,"Shanghai (private)","True"
204,"田汉","Shanghai (private)","Datong Film Company (1) & Kunlun Film Company (1)","Scriptwriter","Scriptwriter (2)",1949,"Shanghai (private)","True"
205,"吕玉堃","Shanghai (private)","Datong Film Company (2) & 新中华影业公司 (1) & Guotai Film Company (1) & 启华影片公司 (Hong Kong) (1)","Acting","Acting (5)",1949,"Shanghai (private)","True"
206,"陈正薇","Shanghai (private)","Datong Film Company (1)","Acting","Acting (1)",1949,"Shanghai (private)","True"
207,"罗静宜","Shanghai (private)","Datong Film Company (4)","Acting","Acting (4)",1949,"Shanghai (private)","True"
208,"强明","Shanghai (private)","Datong Film Company (4)","Acting","Acting (4)",1949,"Shanghai (private)","True"
209,"朱琳","Shanghai (private)","Datong Film Company (4) & Kunlun Film Company (1)","Acting","Acting (5)",1949,"Shanghai (private)","True"
210,"周刍","Shanghai (private)","Datong Film Company (4)","Acting","Acting (4)",1949,"Shanghai (private)","True"
211,"姜修","Shanghai (private)","Datong Film Company (1) & 新中华影业公司 (1) & 启华影片公司 (Hong Kong) (1)","Acting","Acting (3)",1949,"Shanghai (private)","True"
212,"陈焰","Shanghai (private)","Datong Film Company (2)","化妆","化妆 (2) & Acting (1)",1949,"Shanghai (private)","True"
213,"潘锐","Shanghai (private)","Datong Film Company (1)","Acting","Acting (1)",1949,"Shanghai (private)","True"
214,"程又林","Shanghai (private)","Datong Film Company (1)","Acting","Acting (1)",1949,"Shanghai (private)","True"
215,"于冲","Shanghai (private)","Datong Film Company (4)","Acting","Acting (4)",1949,"Shanghai (private)","True"
216,"姚思诚","Shanghai (private)","Datong Film Company (1) & Wenhua Film Company (1)","Acting","Acting (2)",1949,"Shanghai (private)","True"
217,"冯奇","Shanghai (private)","Datong Film Company (2) & 中联影业公司 (Hong Kong) (1)","Acting","Acting (3)",1949,"Shanghai (private)","True"
218,"许垦","Shanghai (private)","Datong Film Company (1) & Guotai Film Company (1)","Acting | 化妆","Acting (1) & 化妆 (1)",1949,"Shanghai (private)","True"
219,"唐葭村","Shanghai (private)","Datong Film Company (2)","Acting","Acting (2)",1949,"Shanghai (private)","True"
220,"陈月楼","Shanghai (private)","Datong Film Company (1)","评剧指导 | Acting","评剧指导 (1) & Acting (1)",1949,"Shanghai (private)","True"
221,"虞禹方","Shanghai (private)","Datong Film Company (1)","Acting","Acting (1)",1949,"Shanghai (private)","True"
222,"吴涛","Shanghai (private)","Datong Film Company (1)","Acting","Acting (1)",1949,"Shanghai (private)","True"
223,"夏冬","Shanghai (private)","Datong Film Company (4)","Acting","Acting (3) & 剧务 (2)",1949,"Shanghai (private)","True"
224,"钱麟童","Shanghai (private)","Datong Film Company (1)","Acting","Acting (1)",1949,"Shanghai (private)","True"
225,"梁怨","Shanghai (private)","Datong Film Company (1)","Acting","Acting (1)",1949,"Shanghai (private)","True"
226,"朱少泉","Shanghai (private)","Datong Film Company (1)","Acting","Acting (1)",1949,"Shanghai (private)","True"
227,"高扬","Shanghai (private)","Datong Film Company (1) & Guotai Film Company (1)","Acting","Acting (2)",1949,"Shanghai (private)","True"
228,"李季","Shanghai (private)","Datong Film Company (1) & 华侨影业公司 (Hong Kong) (1)","Acting","Acting (2)",1949,"Shanghai (private)","True"
229,"黄芳","Shanghai (private)","Datong Film Company (1)","Acting","Acting (1)",1949,"Shanghai (private)","True"
230,"黄耐霜","Shanghai (private)","Datong Film Company (1)","Acting","Acting (1)",1949,"Shanghai (private)","True"
231,"胡德龙","Shanghai (private)","Datong Film Company (1) & Wenhua Film Company (1)","Acting","Acting (2)",1949,"Shanghai (private)","True"
232,"田恺","Shanghai (private)","Datong Film Company (1) & Wenhua Film Company (1)","Acting","Acting (2)",1949,"Shanghai (private)","True"
233,"肖凡","Shanghai (private)","Datong Film Company (1)","Acting","Acting (1)",1949,"Shanghai (private)","True"
234,"吕荣康","Shanghai (private)","Datong Film Company (1)","Acting","Acting (1)",1949,"Shanghai (private)","True"
235,"曹龄青","Shanghai (private)","Datong Film Company (2)","Acting","Acting (2)",1949,"Shanghai (private)","True"
236,"徐剑豪","Shanghai (private)","Datong Film Company (1)","Acting","Acting (1)",1949,"Shanghai (private)","True"
237,"尚华","Shanghai (private)","Datong Film Company (1) & 中联影业公司 (Hong Kong) (1)","Acting","Acting (2)",1949,"Shanghai (private)","True"
238,"罗从周","Shanghai (private)","Datong Film Company (3)","摄影","摄影 (3)",1949,"Shanghai (private)","True"
239,"董萍","Shanghai (private)","Datong Film Company (3)","布景","布景 (3)",1949,"Shanghai (private)","True"
240,"祁次欣","Shanghai (private)","Datong Film Company (1)","音乐","音乐 (1)",1949,"Shanghai (private)","True"
241,"袁庆余","Shanghai (private)","Datong Film Company (3)","录音","录音 (3)",1949,"Shanghai (private)","True"
242,"姚守清","Shanghai (private)","Datong Film Company (3)","录音","录音 (3)",1949,"Shanghai (private)","True"
243,"谢晋","Shanghai (private)","Datong Film Company (2)","副导演","副导演 (2) & Director (1)",1949,"Shanghai (private)","True"
244,"柳中亮","Shanghai (private)","Datong Film Company (2)","监制","监制 (2)",1949,"Shanghai (private)","True"
245,"张石川","Shanghai (private)","Datong Film Company (3)","制片","制片 (3)",1949,"Shanghai (private)","True"
246,"查祥康","Shanghai (private)","Datong Film Company (1)","摄影助理","摄影助理 (1)",1949,"Shanghai (private)","True"
247,"刘永昌","Shanghai (private)","Datong Film Company (1)","录音助理","录音助理 (1)",1949,"Shanghai (private)","True"
248,"童景文","Shanghai (private)","Datong Film Company (2)","布景 | 布景助理","布景助理 (1) & 布景 (1)",1949,"Shanghai (private)","True"
249,"张曦白","Shanghai (private)","Datong Film Company (1)","绘景","绘景 (1)",1949,"Shanghai (private)","True"
250,"陈瑞和","Shanghai (private)","Datong Film Company (3)","剪辑","剪接 (1) & 剪辑 (2)",1949,"Shanghai (private)","True"
251,"赵家树","Shanghai (private)","Datong Film Company (3)","剪辑","剪接 (1) & 剪辑 (2)",1949,"Shanghai (private)","True"
252,"严兆德","Shanghai (private)","Datong Film Company (3) & Guotai Film Company (1)","洗印","洗印 (4)",1949,"Shanghai (private)","True"
253,"杭子玉","Shanghai (private)","Datong Film Company (3) & Guotai Film Company (1)","洗印","洗印 (4)",1949,"Shanghai (private)","True"
254,"陈重","Shanghai (private)","Datong Film Company (3) & Kunlun Film Company (1)","剧务 | Acting","剧务 (2) & Acting (2)",1949,"Shanghai (private)","True"
255,"何品芳","Shanghai (private)","Datong Film Company (3)","道具","道具 (3)",1949,"Shanghai (private)","True"
256,"金鹤良","Shanghai (private)","Datong Film Company (3)","服装","服装 (3)",1949,"Shanghai (private)","True"
257,"颜碧丽","Shanghai (private)","Datong Film Company (2)","场记","场记 (2)",1949,"Shanghai (private)","True"
258,"徐应生","Shanghai (private)","Datong Film Company (3)","场务","场务 (3)",1949,"Shanghai (private)","True"
259,"薛根宝","Shanghai (private)","Datong Film Company (3)","陈设","陈设 (2) & 布景 (1)",1949,"Shanghai (private)","True"
260,"郑君里","Shanghai (private)","Kunlun Film Company (1)","Scriptwriter | Director","Director (1) & Scriptwriter (1)",1949,"Shanghai (private)","True"
261,"沈浮","Shanghai (private)","Kunlun Film Company (2)","Scriptwriter","Scriptwriter (2) & Director (1)",1949,"Shanghai (private)","True"
262,"王林谷","Shanghai (private)","Kunlun Film Company (1)","Scriptwriter | 制片主任","Scriptwriter (1) & 制片主任 (1)",1949,"Shanghai (private)","True"
263,"徐韬","Shanghai (private)","Kunlun Film Company (1)","Scriptwriter","Scriptwriter (1)",1949,"Shanghai (private)","True"
264,"赵丹","Shanghai (private)","Kunlun Film Company (3)","Acting","Scriptwriter (1) & Acting (3)",1949,"Shanghai (private)","True"
265,"陈白尘","Shanghai (private)","Kunlun Film Company (1)","Scriptwriter","Scriptwriter (1)",1949,"Shanghai (private)","True"
266,"魏鹤龄","Shanghai (roc) / Shanghai (private)","Kunlun Film Company (1) & 中央电影摄影场二厂 (1)","Acting","Acting (2)",1949,"Shanghai (roc) / Shanghai (private)","True"
267,"黄宗英","Shanghai (private)","Kunlun Film Company (3) & 中央电影摄影场二厂 (1)","Acting","Acting (4)",1949,"Shanghai (private)","True"
268,"上官云珠","Shanghai (private)","Kunlun Film Company (4)","Acting","Acting (4)",1949,"Shanghai (private)","True"
269,"孙道临","Shanghai (private)","Kunlun Film Company (2) & 远东影业公司 (1)","Acting","Acting (3)",1949,"Shanghai (private)","True"
270,"李天济","Shanghai (private)","Kunlun Film Company (1)","Acting","Acting (1)",1949,"Shanghai (private)","True"
271,"王蓓","Shanghai (private)","Kunlun Film Company (1)","Acting","Acting (1)",1949,"Shanghai (private)","True"
272,"吴茵","Shanghai (private)","Kunlun Film Company (3) & 远东影业公司 (1)","Acting","Acting (4)",1949,"Shanghai (private)","True"
273,"苗振华","Shanghai (roc) / Shanghai (private)","Kunlun Film Company (1) & 中央电影摄影场一厂 (1)","摄影","摄影 (2)",1949,"Shanghai (roc) / Shanghai (private)","True"
274,"胡振华","Shanghai (private)","Kunlun Film Company (2)","摄影","摄影 (2)",1949,"Shanghai (private)","True"
275,"牛葆荣","Shanghai (private)","Kunlun Film Company (3)","布景 | 美术 | 布景助理","美术 (1) & 布景 (1) & 布景助理 (1)",1949,"Shanghai (private)","True"
276,"徐子诚","Shanghai (private)","Kunlun Film Company (2)","美术","美术 (2)",1949,"Shanghai (private)","True"
277,"王云阶","Shanghai (private)","Kunlun Film Company (4) & Datong Film Company (1) & Wenhua Film Company (1)","音乐","音乐 (6) & Acting (1)",1949,"Shanghai (private)","True"
278,"李烈鸿","Shanghai (private)","Kunlun Film Company (1)","录音","录音 (1)",1949,"Shanghai (private)","True"
279,"邬延芳","Shanghai (private)","Kunlun Film Company (1)","剪辑","剪辑 (1)",1949,"Shanghai (private)","True"
280,"赵明","Shanghai (private)","Kunlun Film Company (2)","副导演 | Director","Director (1) & 副导演 (1)",1949,"Shanghai (private)","True"
281,"严恭","Shanghai (private)","Kunlun Film Company (2)","Acting | Director","Director (1) & Acting (1)",1949,"Shanghai (private)","True"
282,"阳翰笙","Shanghai (private)","Kunlun Film Company (1)","Scriptwriter","Scriptwriter (1)",1949,"Shanghai (private)","True"
283,"王龙基","Shanghai (private)","Kunlun Film Company (1) & Wenhua Film Company (1)","Acting","Acting (2)",1949,"Shanghai (private)","True"
284,"林榛","Shanghai (private)","Kunlun Film Company (1) & Datong Film Company (1) & Guotai Film Company (1) & Wenhua Film Company (2)","Acting","Acting (5)",1949,"Shanghai (private)","True"
285,"关宏达","Shanghai (private)","Kunlun Film Company (1) & 中企影艺社 (1) & 华光影业制片厂 (1) & 嘉年影业公司 (2) & Guotai Film Company (1) & 中央电影摄影场一厂 (1) & 中联影业公司 (Hong Kong) (1) & 中央电影摄影场二厂 (1) & 华星影业公司 (Hong Kong) (1)","Acting","Acting (10)",1949,"Shanghai (private)","True"
286,"杜雷","Shanghai (private)","Kunlun Film Company (1) & Datong Film Company (1) & Guotai Film Company (1)","Acting","Acting (3)",1949,"Shanghai (private)","True"
287,"黄晨","Shanghai (private)","Kunlun Film Company (1)","Acting","Acting (1)",1949,"Shanghai (private)","True"
288,"程漠","Shanghai (private)","Kunlun Film Company (2)","Acting","Acting (2)",1949,"Shanghai (private)","True"
289,"马飞","Shanghai (private)","Kunlun Film Company (1)","Acting","Acting (1)",1949,"Shanghai (private)","True"
290,"孟树范","Shanghai (private)","Kunlun Film Company (1) & Wenhua Film Company (1)","Acting","Acting (2)",1949,"Shanghai (private)","True"
291,"钱风","Shanghai (private)","Kunlun Film Company (1)","Acting","Acting (1)",1949,"Shanghai (private)","True"
292,"陈光复","Shanghai (private)","Kunlun Film Company (1)","Acting","Acting (1)",1949,"Shanghai (private)","True"
293,"冯继雄","Shanghai (private)","Kunlun Film Company (1) & 华侨影业公司 (Hong Kong) (1)","Acting","Acting (2)",1949,"Shanghai (private)","True"
294,"石炎","Shanghai (private)","Kunlun Film Company (2)","Acting","Acting (2) & 剧务 (1)",1949,"Shanghai (private)","True"
295,"岳勋烈","Shanghai (private)","Kunlun Film Company (1)","儿童辅导 | Acting","儿童辅导 (1) & Acting (1)",1949,"Shanghai (private)","True"
296,"陈家松","Shanghai (private)","Kunlun Film Company (1)","Acting","Acting (1)",1949,"Shanghai (private)","True"
297,"小涵","Shanghai (private)","Kunlun Film Company (1)","Acting","Acting (1)",1949,"Shanghai (private)","True"
298,"薛敏","Shanghai (private)","Kunlun Film Company (1)","Acting","Acting (1)",1949,"Shanghai (private)","True"
299,"洪骏","Shanghai (private)","Kunlun Film Company (1)","Acting","Acting (1)",1949,"Shanghai (private)","True"
300,"姚姚","Shanghai (private)","Kunlun Film Company (1)","Acting","Acting (1)",1949,"Shanghai (private)","True"
301,"陶冶","Shanghai (private)","Kunlun Film Company (1)","Acting","Acting (1)",1949,"Shanghai (private)","True"
302,"龚伯安","Shanghai (private)","Kunlun Film Company (1)","Acting","Acting (1)",1949,"Shanghai (private)","True"
303,"苏鸿","Shanghai (roc) / Shanghai (private)","Kunlun Film Company (1) & 中央电影摄影场一厂 (2) & 华侨影业公司 (Hong Kong) (1)","Acting","Acting (4)",1949,"Shanghai (roc) / Shanghai (private)","True"
304,"宋衍万","Shanghai (private)","Kunlun Film Company (1)","Acting","Acting (1)",1949,"Shanghai (private)","True"
305,"杨小乔","Shanghai (private)","Kunlun Film Company (1)","Acting","Acting (1)",1949,"Shanghai (private)","True"
306,"王公序","Shanghai (private)","Kunlun Film Company (1)","Acting","Acting (1)",1949,"Shanghai (private)","True"
307,"丁然","Shanghai (private)","Kunlun Film Company (1)","Acting","Acting (1)",1949,"Shanghai (private)","True"
308,"刁光覃","Shanghai (private)","Kunlun Film Company (1)","Acting","Acting (1)",1949,"Shanghai (private)","True"
309,"方伯","Shanghai (private)","Kunlun Film Company (1) & 新时代影业公司 (Hong Kong) (1) & 嘉年影业公司 (2) & 华侨影业公司 (Hong Kong) (1) & 中央电影摄影场二厂 (1) & Wenhua Film Company (1)","Acting","Acting (7)",1949,"Shanghai (private)","True"
310,"顾鍪","Shanghai (private)","Kunlun Film Company (1)","Acting","Acting (1)",1949,"Shanghai (private)","True"
311,"何学初","Shanghai (private)","Kunlun Film Company (1) & Wenhua Film Company (1) & 中央电影摄影场二厂 (1)","Acting","Acting (3)",1949,"Shanghai (private)","True"
312,"孙仪","Shanghai (private)","Kunlun Film Company (1)","Acting","Acting (1)",1949,"Shanghai (private)","True"
313,"莫愁","Shanghai (private)","Kunlun Film Company (1) & Wenhua Film Company (2) & Guotai Film Company (1)","Acting","Acting (4)",1949,"Shanghai (private)","True"
314,"柳杰","Shanghai (private)","Kunlun Film Company (1) & 远东影业公司 (1) & Datong Film Company (1)","Acting","Acting (3)",1949,"Shanghai (private)","True"
315,"马中婴","Shanghai (private)","Kunlun Film Company (1)","Acting","Acting (1)",1949,"Shanghai (private)","True"
316,"钱理群","Shanghai (private)","Kunlun Film Company (1)","Acting","Acting (1)",1949,"Shanghai (private)","True"
317,"中叔皇","Shanghai (private)","Kunlun Film Company (1)","Acting","Acting (1)",1949,"Shanghai (private)","True"
318,"王静安","Shanghai (private)","Kunlun Film Company (2)","Acting","Acting (2)",1949,"Shanghai (private)","True"
319,"朱莎","Shanghai (private)","Kunlun Film Company (1) & Datong Film Company (1) & 嘉华影业公司 (1) & 大华电影企业公司 (1) & Guotai Film Company (1)","Acting","Acting (5)",1949,"Shanghai (private)","True"
320,"沙莉","Shanghai (private)","Kunlun Film Company (2) & 远东影业公司 (1) & Datong Film Company (2)","Acting","Acting (5)",1949,"Shanghai (private)","True"
321,"阮斐","Shanghai (private)","Kunlun Film Company (2) & 华侨影业公司 (Hong Kong) (2)","Acting","Acting (4)",1949,"Shanghai (private)","True"
322,"林子丹","Shanghai (private)","Kunlun Film Company (1)","Acting","Acting (1)",1949,"Shanghai (private)","True"
323,"金淑芝","Shanghai (private)","Kunlun Film Company (1)","Acting","Acting (1)",1949,"Shanghai (private)","True"
324,"林默予","Shanghai (private)","Kunlun Film Company (1) & Datong Film Company (2)","Acting","Acting (3)",1949,"Shanghai (private)","True"
325,"奇梦石","Shanghai (private)","Kunlun Film Company (1)","Acting","Acting (1)",1949,"Shanghai (private)","True"
326,"徐曼","Shanghai (private)","Kunlun Film Company (1)","Acting","Acting (1)",1949,"Shanghai (private)","True"
327,"徐缓","Shanghai (roc) / Shanghai (private)","Kunlun Film Company (1) & 中央电影摄影场一厂 (1)","Acting","Acting (2)",1949,"Shanghai (roc) / Shanghai (private)","True"
328,"袁蓉","Shanghai (private)","Kunlun Film Company (1)","Acting","Acting (1)",1949,"Shanghai (private)","True"
329,"高正","Shanghai (private)","Kunlun Film Company (1)","Acting","Acting (1)",1949,"Shanghai (private)","True"
330,"郭玲","Shanghai (private)","Kunlun Film Company (1)","Acting","Acting (1)",1949,"Shanghai (private)","True"
331,"黄温如","Shanghai (private)","Kunlun Film Company (1)","Acting","Acting (1)",1949,"Shanghai (private)","True"
332,"梁明","Shanghai (private)","Kunlun Film Company (1) & Datong Film Company (2) & 华侨影业公司 (Hong Kong) (1)","Acting","Acting (4)",1949,"Shanghai (private)","True"
333,"高依云","Shanghai (private)","Kunlun Film Company (1)","Acting","Acting (1)",1949,"Shanghai (private)","True"
334,"许蓝","Shanghai (private)","Kunlun Film Company (1)","Acting","Acting (1)",1949,"Shanghai (private)","True"
335,"章曼苹","Shanghai (private)","Kunlun Film Company (1)","Acting","Acting (1)",1949,"Shanghai (private)","True"
336,"张乾","Shanghai (private)","Kunlun Film Company (2)","Acting","Acting (2)",1949,"Shanghai (private)","True"
337,"张婉","Shanghai (private)","Kunlun Film Company (1)","Acting","Acting (1)",1949,"Shanghai (private)","True"
338,"张逸生","Shanghai (private)","Kunlun Film Company (1) & Datong Film Company (1)","Acting","Acting (2)",1949,"Shanghai (private)","True"
339,"傅惠珍","Shanghai (private)","Kunlun Film Company (1) & 嘉年影业公司 (1)","Acting","Acting (2)",1949,"Shanghai (private)","True"
340,"张庆芬","Shanghai (private)","Kunlun Film Company (1)","Acting","Acting (1)",1949,"Shanghai (private)","True"
341,"程梦莲","Shanghai (private)","Kunlun Film Company (1)","Acting","Acting (1)",1949,"Shanghai (private)","True"
342,"农中南","Shanghai (private)","Kunlun Film Company (1)","Acting","Acting (1)",1949,"Shanghai (private)","True"
343,"汪漪","Shanghai (private)","Kunlun Film Company (1) & 中企影艺社 (1) & Datong Film Company (1)","Acting","Acting (3)",1949,"Shanghai (private)","True"
344,"熊伟","Shanghai (private)","Kunlun Film Company (1)","Acting","Acting (1)",1949,"Shanghai (private)","True"
345,"关鹏","Shanghai (private)","Kunlun Film Company (1)","Acting","Acting (1)",1949,"Shanghai (private)","True"
346,"应萱","Shanghai (private)","Kunlun Film Company (1)","Acting","Acting (1)",1949,"Shanghai (private)","True"
347,"蓝优心","Shanghai (private)","Kunlun Film Company (1)","Acting","Acting (1)",1949,"Shanghai (private)","True"
348,"苏英","Shanghai (private)","Kunlun Film Company (1)","Acting","Acting (1)",1949,"Shanghai (private)","True"
349,"苏茵","Shanghai (private)","Kunlun Film Company (1)","Acting","Acting (1)",1949,"Shanghai (private)","True"
350,"苏曼意","Shanghai (private)","Kunlun Film Company (1) & Datong Film Company (1) & 中央电影摄影场二厂 (1) & Guotai Film Company (1) & 华侨影业公司 (Hong Kong) (1)","Acting","Acting (5)",1949,"Shanghai (private)","True"
351,"谭云","Shanghai (private)","Kunlun Film Company (1)","Acting","Acting (1)",1949,"Shanghai (private)","True"
352,"韩仲良","Shanghai (private)","Kunlun Film Company (2)","摄影","摄影 (2)",1949,"Shanghai (private)","True"
353,"裘葛","Shanghai (private)","Kunlun Film Company (3)","摄影","摄影 (3)",1949,"Shanghai (private)","True"
354,"张汉臣","Shanghai (private)","Kunlun Film Company (1) & 中企影艺社 (1) & 远东影业公司 (1)","布景","布景 (3)",1949,"Shanghai (private)","True"
355,"林秉生","Shanghai (private)","Kunlun Film Company (1)","录音","录音 (1)",1949,"Shanghai (private)","True"
356,"韦布","Shanghai (private)","Kunlun Film Company (1)","制片主任","制片主任 (1)",1949,"Shanghai (private)","True"
357,"朱今明","Shanghai (private)","Kunlun Film Company (2)","摄影顾问 | 摄影","摄影顾问 (1) & 摄影 (1)",1949,"Shanghai (private)","True"
358,"郭弈辉","Shanghai (private)","Kunlun Film Company (1)","摄影助理","摄影助理 (1)",1949,"Shanghai (private)","True"
359,"辛汉文","Shanghai (private)","Kunlun Film Company (2)","造型设计","造型设计 (2)",1949,"Shanghai (private)","True"
360,"罗雨秋","Shanghai (private)","Kunlun Film Company (1)","布景助理","布景助理 (1)",1949,"Shanghai (private)","True"
361,"刘广阶","Shanghai (private)","Kunlun Film Company (1)","录音助理","录音助理 (1)",1949,"Shanghai (private)","True"
362,"薛慎行","Shanghai (private)","Kunlun Film Company (1)","录音助理","录音助理 (1)",1949,"Shanghai (private)","True"
363,"丁伯和","Shanghai (private)","Kunlun Film Company (2) & 中央电影摄影场一厂 (1)","配音","配音 (2) & 录音 (1)",1949,"Shanghai (private)","True"
364,"方徨","Shanghai (private)","Kunlun Film Company (1)","剧务","剧务 (1)",1949,"Shanghai (private)","True"
365,"徐少文","Shanghai (private)","Kunlun Film Company (1)","场记","场记 (1)",1949,"Shanghai (private)","True"
366,"毅华","Shanghai (private)","Kunlun Film Company (1)","场务","场务 (1)",1949,"Shanghai (private)","True"
367,"姚永福","Shanghai (private)","Kunlun Film Company (3)","化妆","化妆 (3)",1949,"Shanghai (private)","True"
368,"乐羽侯","Shanghai (private)","Kunlun Film Company (1)","化妆","化妆 (1)",1949,"Shanghai (private)","True"
369,"庄凯卢","Shanghai (private)","Kunlun Film Company (1)","道具","道具 (1)",1949,"Shanghai (private)","True"
370,"陆伯勤","Shanghai (roc) / Shanghai (private)","Kunlun Film Company (1) & 中央电影摄影场二厂 (1)","服装","服装 (2)",1949,"Shanghai (roc) / Shanghai (private)","True"
371,"傅正义","Shanghai (private)","Kunlun Film Company (3)","剪辑","剪接 (1) & 剪辑 (2)",1949,"Shanghai (private)","True"
372,"周教大","Shanghai (private)","Kunlun Film Company (2)","洗印","洗印 (2)",1949,"Shanghai (private)","True"
373,"徐而前","Shanghai (private)","Kunlun Film Company (1)","洗印","洗印 (1)",1949,"Shanghai (private)","True"
374,"吴增荣","Shanghai (private)","Kunlun Film Company (2)","洗印","洗印 (2)",1949,"Shanghai (private)","True"
375,"裴冲","Shanghai (private)","新时代影业公司 (Hong Kong) (1)","Director","Director (1)",1949,"Shanghai (private)","True"
376,"叶逸芳","Shanghai (private)","新时代影业公司 (Hong Kong) (1) & 华星影业公司 (Hong Kong) (1)","Scriptwriter","Scriptwriter (2)",1949,"Shanghai (private)","True"
377,"王丹凤","Shanghai (private)","新时代影业公司 (Hong Kong) (1)","Acting","Acting (1)",1949,"Shanghai (private)","True"
378,"严俊","Shanghai (private)","新时代影业公司 (Hong Kong) (2) & 中企影艺社 (1) & 大华电影企业公司 (1) & 华侨影业公司 (Hong Kong) (1)","Acting","Acting (5)",1949,"Shanghai (private)","True"
379,"罗兰","Shanghai (private)","新时代影业公司 (Hong Kong) (1) & 中企影艺社 (1) & 中央电影摄影场二厂 (1)","Acting","Acting (3)",1949,"Shanghai (private)","True"
380,"殷秀岑","Shanghai (private)","新时代影业公司 (Hong Kong) (2) & 嘉年影业公司 (1) & Guotai Film Company (1) & 嘉华影业公司 (1) & 中联影业公司 (Hong Kong) (1) & 华星影业公司 (Hong Kong) (1)","Acting","Acting (7)",1949,"Shanghai (private)","True"
381,"梅邨","Shanghai (private)","新时代影业公司 (Hong Kong) (1)","Acting","Acting (1)",1949,"Shanghai (private)","True"
382,"陈震祥","Shanghai (private)","新时代影业公司 (Hong Kong) (1) & 启华影片公司 (Hong Kong) (1) & 华星影业公司 (Hong Kong) (1)","摄影","摄影 (3)",1949,"Shanghai (private)","True"
383,"岳枫","Shanghai (private)","中企影艺社 (1) & 中央电影摄影场二厂 (1) & 新时代影业公司 (Hong Kong) (1)","Director","Director (3)",1949,"Shanghai (private)","True"
384,"汪露","Shanghai (private)","中企影艺社 (1)","Scriptwriter","Scriptwriter (1)",1949,"Shanghai (private)","True"
385,"井淼","Shanghai (private)","中企影艺社 (1) & 新时代影业公司 (Hong Kong) (1)","Acting","Acting (2)",1949,"Shanghai (private)","True"
386,"项堃","Shanghai (private)","中企影艺社 (1) & 华侨影业公司 (Hong Kong) (2)","Acting","Acting (3) & Director (1) & 制片 (2)",1949,"Shanghai (private)","True"
387,"马绍俊","Shanghai (private)","中企影艺社 (2)","监制","监制 (2)",1949,"Shanghai (private)","True"
388,"石凤歧","Shanghai (private)","中企影艺社 (1)","摄影","摄影 (1)",1949,"Shanghai (private)","True"
389,"黄力加","Shanghai (private)","中企影艺社 (2)","录音","录音 (2)",1949,"Shanghai (private)","True"
390,"朱德熊","Shanghai (private)","中企影艺社 (1)","美术","美术 (1)",1949,"Shanghai (private)","True"
391,"黄炳希","Shanghai (private)","中企影艺社 (2)","布景 | 美术","美术 (1) & 布景 (1)",1949,"Shanghai (private)","True"
392,"黄贻钧","Shanghai (private)","中企影艺社 (2) & 远东影业公司 (1) & 中央电影摄影场一厂 (1) & Wenhua Film Company (1) & Guotai Film Company (1) & Datong Film Company (1) & 华侨影业公司 (Hong Kong) (1)","音乐","音乐 (6) & 作曲 (2)",1949,"Shanghai (private)","True"
393,"高慧绪","Shanghai (private)","中企影艺社 (2)","剪辑","剪辑 (2)",1949,"Shanghai (private)","True"
394,"桂芳振","Shanghai (private)","中企影艺社 (1)","洗印","洗印 (1)",1949,"Shanghai (private)","True"
395,"李斌","Shanghai (private)","中企影艺社 (2)","洗印","洗印 (2)",1949,"Shanghai (private)","True"
396,"陈述义","Shanghai (private)","中企影艺社 (2)","副导演 | 剧务主任","剧务主任 (1) & 副导演 (1)",1949,"Shanghai (private)","True"
397,"田志高","Shanghai (private)","中企影艺社 (2)","化妆","化妆 (2)",1949,"Shanghai (private)","True"
398,"钱章雄","Shanghai (private)","中企影艺社 (2)","道具","道具 (2)",1949,"Shanghai (private)","True"
399,"桑克振","Shanghai (private)","中企影艺社 (2)","道具","道具 (2)",1949,"Shanghai (private)","True"
400,"何菊良","Shanghai (private)","中企影艺社 (2)","服装","服装 (2)",1949,"Shanghai (private)","True"
401,"陈达卿","Shanghai (private)","中企影艺社 (1)","场记","场记 (1)",1949,"Shanghai (private)","True"
402,"朱泉根","Shanghai (private)","中企影艺社 (1)","场务","场务 (1)",1949,"Shanghai (private)","True"
403,"孙敬","Shanghai (private)","中企影艺社 (1)","Director","Director (1)",1949,"Shanghai (private)","True"
404,"方泓","Shanghai (private)","中企影艺社 (1)","Scriptwriter","Scriptwriter (1)",1949,"Shanghai (private)","True"
405,"欧阳莎菲","Shanghai (private)","中企影艺社 (1) & 新中华影业公司 (1) & 嘉华影业公司 (1) & 大华电影企业公司 (1) & 启华影片公司 (Hong Kong) (1) & Guotai Film Company (1)","Acting","Acting (6)",1949,"Shanghai (private)","True"
406,"毛燕华","Shanghai (private)","中企影艺社 (1)","Acting","Acting (1)",1949,"Shanghai (private)","True"
407,"高博","Shanghai (private)","中企影艺社 (1) & Datong Film Company (2)","Acting","Acting (3)",1949,"Shanghai (private)","True"
408,"卫禹平","Shanghai (private)","中企影艺社 (1) & Wenhua Film Company (1) & 中央电影摄影场二厂 (1)","Acting","Acting (3)",1949,"Shanghai (private)","True"
409,"蓝莺莺","Shanghai (private)","中企影艺社 (1)","Acting","Acting (1)",1949,"Shanghai (private)","True"
410,"戴伦","Shanghai (private)","中企影艺社 (1)","剧务主任","剧务主任 (1)",1949,"Shanghai (private)","True"
411,"董绍泳","Shanghai (private)","中企影艺社 (1)","摄影","摄影 (1)",1949,"Shanghai (private)","True"
412,"王白山","Shanghai (private)","中企影艺社 (1)","摄影","摄影 (1)",1949,"Shanghai (private)","True"
413,"曹江","Shanghai (private)","中企影艺社 (1)","摄影助理","摄影助理 (1)",1949,"Shanghai (private)","True"
414,"左杰","Shanghai (private)","中企影艺社 (1)","录音","录音 (1)",1949,"Shanghai (private)","True"
415,"李宝山","Shanghai (private)","中企影艺社 (1)","录音助理","录音助理 (1)",1949,"Shanghai (private)","True"
416,"陈述篯","Shanghai (private)","中企影艺社 (1)","录音助理","录音助理 (1)",1949,"Shanghai (private)","True"
417,"朱叶","Shanghai (private)","中企影艺社 (1)","布景","布景 (1)",1949,"Shanghai (private)","True"
418,"孟斐","Shanghai (private)","中企影艺社 (1)","美术","美术 (1)",1949,"Shanghai (private)","True"
419,"吴鼎元","Shanghai (private)","中企影艺社 (1)","洗印","洗印 (1)",1949,"Shanghai (private)","True"
420,"唐力","Shanghai (private)","中企影艺社 (1)","剧务","剧务 (1)",1949,"Shanghai (private)","True"
421,"李根泉","Shanghai (private)","中企影艺社 (1)","剧务","剧务 (1)",1949,"Shanghai (private)","True"
422,"安剑青","Shanghai (private)","中企影艺社 (1)","场记","场记 (1)",1949,"Shanghai (private)","True"
423,"吴祖同","Shanghai (private)","中企影艺社 (1)","服装","服装 (1)",1949,"Shanghai (private)","True"
424,"韩兰根","Shanghai (private)","华光影业制片厂 (1) & 嘉年影业公司 (1) & 新中华影业公司 (1) & 中央电影摄影场一厂 (1) & 中联影业公司 (Hong Kong) (1) & 华星影业公司 (Hong Kong) (1)","Acting","Director (1) & Acting (6)",1949,"Shanghai (private)","True"
425,"龚硕平","Shanghai (private)","华光影业制片厂 (1)","Scriptwriter","Scriptwriter (1)",1949,"Shanghai (private)","True"
426,"章志直","Shanghai (private)","华光影业制片厂 (1) & 嘉年影业公司 (1) & 新中华影业公司 (1) & 远东影业公司 (1) & Guotai Film Company (1) & 嘉华影业公司 (1) & 中联影业公司 (Hong Kong) (1) & 华星影业公司 (Hong Kong) (1)","Acting","Acting (7) & 剧务 (1)",1949,"Shanghai (private)","True"
427,"陈嬿","Shanghai (private)","华光影业制片厂 (1)","Acting","Acting (1)",1949,"Shanghai (private)","True"
428,"朱月影","Shanghai (private)","华光影业制片厂 (1) & 中央电影摄影场一厂 (1) & 华侨影业公司 (Hong Kong) (1)","Acting","Acting (3)",1949,"Shanghai (private)","True"
429,"金川","Shanghai (private)","华光影业制片厂 (1) & Datong Film Company (1)","Acting","Acting (2)",1949,"Shanghai (private)","True"
430,"杨诚","Shanghai (private)","华光影业制片厂 (1) & 中联影业公司 (Hong Kong) (1)","Acting","Acting (2)",1949,"Shanghai (private)","True"
431,"李黎明","Shanghai (private)","华光影业制片厂 (1)","Acting","Acting (1)",1949,"Shanghai (private)","True"
432,"傅梅","Shanghai (private)","华光影业制片厂 (1)","Acting","Acting (1)",1949,"Shanghai (private)","True"
433,"崔碧玉","Shanghai (private)","华光影业制片厂 (1)","Acting","Acting (1)",1949,"Shanghai (private)","True"
434,"钱步铭","Shanghai (private)","华光影业制片厂 (1)","剧务 | Acting","剧务 (1) & Acting (1)",1949,"Shanghai (private)","True"
435,"马忠英","Shanghai (private)","华光影业制片厂 (1) & 远东影业公司 (1)","Acting","Acting (2)",1949,"Shanghai (private)","True"
436,"何梅影","Shanghai (private)","华光影业制片厂 (1)","Acting","Acting (1)",1949,"Shanghai (private)","True"
437,"高文亮","Shanghai (private)","华光影业制片厂 (1)","监制","监制 (1)",1949,"Shanghai (private)","True"
438,"高鹤鸣","Shanghai (private)","华光影业制片厂 (1)","副导演","副导演 (1)",1949,"Shanghai (private)","True"
439,"仲慰","Shanghai (private)","华光影业制片厂 (1) & 中联影业公司 (Hong Kong) (1)","布景","布景 (2)",1949,"Shanghai (private)","True"
440,"盛余泳","Shanghai (private)","华光影业制片厂 (1)","摄影","摄影 (1)",1949,"Shanghai (private)","True"
441,"申梦世","Shanghai (private)","华光影业制片厂 (1)","制片","制片 (1)",1949,"Shanghai (private)","True"
442,"胡云龙","Shanghai (private)","华光影业制片厂 (1)","场务","场务 (1)",1949,"Shanghai (private)","True"
443,"赵彦","Shanghai (private)","华光影业制片厂 (1)","录音","录音 (1)",1949,"Shanghai (private)","True"
444,"黎锦光","Shanghai (private)","华光影业制片厂 (1) & 中联影业公司 (Hong Kong) (1)","作曲 | 音乐","作曲 (1) & 音乐 (1)",1949,"Shanghai (private)","True"
445,"李厚襄","Shanghai (private)","华光影业制片厂 (1)","作曲","作曲 (1)",1949,"Shanghai (private)","True"
446,"方沛霖","Shanghai (private)","嘉年影业公司 (1)","Director","Director (1)",1949,"Shanghai (private)","True"
447,"陶秦","Shanghai (private)","嘉年影业公司 (1)","Scriptwriter","Scriptwriter (1)",1949,"Shanghai (private)","True"
448,"周伯勋","Shanghai (private)","嘉年影业公司 (1) & Datong Film Company (1) & Guotai Film Company (3)","Acting | 制片主任","Acting (4) & 制片主任 (4)",1949,"Shanghai (private)","True"
449,"乔奇","Shanghai (private)","嘉年影业公司 (1) & Datong Film Company (1)","Acting","Acting (2)",1949,"Shanghai (private)","True"
450,"怀锦","Shanghai (private)","嘉年影业公司 (1)","Acting","Acting (1)",1949,"Shanghai (private)","True"
451,"范莱","Shanghai (roc) / Shanghai (private)","嘉年影业公司 (1) & 中央电影摄影场二厂 (1)","Acting","Acting (2)",1949,"Shanghai (roc) / Shanghai (private)","True"
452,"言慧珠","Shanghai (private)","嘉年影业公司 (1)","Acting","Acting (1)",1949,"Shanghai (private)","True"
453,"宏霞","Shanghai (private)","嘉年影业公司 (1) & Datong Film Company (1)","Acting","Acting (2)",1949,"Shanghai (private)","True"
454,"吴江海","Shanghai (private)","嘉年影业公司 (1) & 华侨影业公司 (Hong Kong) (1)","录音","录音 (2)",1949,"Shanghai (private)","True"
455,"林圣清","Shanghai (private)","嘉年影业公司 (1)","录音","录音 (1)",1949,"Shanghai (private)","True"
456,"包时","Shanghai (private)","嘉年影业公司 (1)","监制","监制 (1)",1949,"Shanghai (private)","True"
457,"吴永刚","Shanghai (private)","嘉年影业公司 (1)","Scriptwriter | Director","Director (1) & Scriptwriter (1)",1949,"Shanghai (private)","True"
458,"苏芸","Shanghai (private)","嘉年影业公司 (1)","Acting","Acting (1)",1949,"Shanghai (private)","True"
459,"秦文","Shanghai (roc) / Shanghai (private)","嘉年影业公司 (1) & 中央电影摄影场一厂 (1)","Acting","Acting (2)",1949,"Shanghai (roc) / Shanghai (private)","True"
460,"吴承镛","Shanghai (private)","嘉年影业公司 (1)","制片","制片 (1)",1949,"Shanghai (private)","True"
461,"李生伟","Shanghai (private)","嘉年影业公司 (1) & 华侨影业公司 (Hong Kong) (1)","摄影","摄影 (2)",1949,"Shanghai (private)","True"
462,"沈西琳","Shanghai (private)","华侨影业公司 (Hong Kong) (2)","制片","Director (1) & 制片 (2)",1949,"Shanghai (private)","True"
463,"叶小铿","Shanghai (private)","华侨影业公司 (Hong Kong) (2) & 中央电影摄影场一厂 (1)","Acting","Acting (3)",1949,"Shanghai (private)","True"
464,"张雁","Shanghai (roc) / Shanghai (private)","华侨影业公司 (Hong Kong) (1) & 中央电影摄影场二厂 (1)","Acting","Acting (2)",1949,"Shanghai (roc) / Shanghai (private)","True"
465,"董霖","Shanghai (private)","华侨影业公司 (Hong Kong) (2) & Kunlun Film Company (1)","Acting","Acting (3)",1949,"Shanghai (private)","True"
466,"叶高","Shanghai (private)","华侨影业公司 (Hong Kong) (1)","Acting","Acting (1)",1949,"Shanghai (private)","True"
467,"张立德","Shanghai (private)","华侨影业公司 (Hong Kong) (1) & Kunlun Film Company (1)","Acting","Acting (2)",1949,"Shanghai (private)","True"
468,"寇嘉弼","Shanghai (private)","华侨影业公司 (Hong Kong) (1)","Acting","Acting (1)",1949,"Shanghai (private)","True"
469,"梁笃生","Shanghai (private)","华侨影业公司 (Hong Kong) (1)","Acting","Acting (1)",1949,"Shanghai (private)","True"
470,"李君侠","Shanghai (private)","华侨影业公司 (Hong Kong) (2)","监制","监制 (2)",1949,"Shanghai (private)","True"
471,"萧家点","Shanghai (private)","华侨影业公司 (Hong Kong) (1)","监制","监制 (1)",1949,"Shanghai (private)","True"
472,"诗三百","Shanghai (private)","华侨影业公司 (Hong Kong) (1)","作词","作词 (1)",1949,"Shanghai (private)","True"
473,"邓尔敬","Shanghai (private)","华侨影业公司 (Hong Kong) (1)","作曲","作曲 (1)",1949,"Shanghai (private)","True"
474,"杨小仲","Shanghai (private)","新中华影业公司 (1) & Guotai Film Company (3)","Director","Director (4) & Scriptwriter (2)",1949,"Shanghai (private)","True"
475,"张翼","Shanghai (private)","新中华影业公司 (1) & 中联影业公司 (Hong Kong) (1) & Kunlun Film Company (1)","Acting","Acting (3)",1949,"Shanghai (private)","True"
476,"杨志卿","Shanghai (private)","新中华影业公司 (1) & 嘉华影业公司 (1) & 大华电影企业公司 (1) & Guotai Film Company (2) & 中联影业公司 (Hong Kong) (1) & 启华影片公司 (Hong Kong) (1)","Acting","Acting (7)",1949,"Shanghai (private)","True"
477,"周起","Shanghai (private)","新中华影业公司 (1) & Datong Film Company (1) & Guotai Film Company (1) & 新时代影业公司 (Hong Kong) (1)","Acting","Acting (4)",1949,"Shanghai (private)","True"
478,"杨芳菁","Shanghai (private)","新中华影业公司 (1)","Acting","Acting (1)",1949,"Shanghai (private)","True"
479,"顾梦鹤","Shanghai (private)","新中华影业公司 (1) & Guotai Film Company (1) & 嘉华影业公司 (1) & 中央电影摄影场二厂 (2) & 中联影业公司 (Hong Kong) (1)","Acting","Acting (6) & Scriptwriter (1)",1949,"Shanghai (private)","True"
480,"陶由","Shanghai (private)","新中华影业公司 (1) & Guotai Film Company (2)","Acting","Acting (2) & 副导演 (1)",1949,"Shanghai (private)","True"
481,"谭光友","Shanghai (private)","新中华影业公司 (1)","Acting","Acting (1)",1949,"Shanghai (private)","True"
482,"陈铿然","Shanghai (private)","远东影业公司 (1)","Director","Director (1)",1949,"Shanghai (private)","True"
483,"李之华","Shanghai (private)","远东影业公司 (1)","Scriptwriter","Scriptwriter (1)",1949,"Shanghai (private)","True"
484,"Nikolai Alexeevich Ostrovsky","Shanghai (private)","远东影业公司 (1)","Scriptwriter","Scriptwriter (1)",1949,"Shanghai (private)","True"
485,"唐槐秋","Shanghai (private)","远东影业公司 (1)","Acting","Acting (1)",1949,"Shanghai (private)","True"
486,"李纬","Shanghai (private)","远东影业公司 (1)","Acting","Acting (1)",1949,"Shanghai (private)","True"
487,"何剑飞","Shanghai (private)","远东影业公司 (1) & 中央电影摄影场一厂 (1) & 华侨影业公司 (Hong Kong) (1)","Acting","Acting (3)",1949,"Shanghai (private)","True"
488,"陈珉","Shanghai (private)","远东影业公司 (1)","Acting","Acting (1)",1949,"Shanghai (private)","True"
489,"陆洪恩","Shanghai (private)","远东影业公司 (1) & 华侨影业公司 (Hong Kong) (1)","音乐","音乐 (2)",1949,"Shanghai (private)","True"
490,"薛伯青","Shanghai (private)","远东影业公司 (1) & 大华电影企业公司 (1) & 中联影业公司 (Hong Kong) (1)","摄影","摄影 (3)",1949,"Shanghai (private)","True"
491,"薛岱云","Shanghai (private)","远东影业公司 (1) & 中联影业公司 (Hong Kong) (1)","摄影助理","摄影助理 (2)",1949,"Shanghai (private)","True"
492,"许明","Shanghai (private)","远东影业公司 (1) & Guotai Film Company (1) & Wenhua Film Company (1) & 华侨影业公司 (Hong Kong) (1)","剪辑","剪辑 (4)",1949,"Shanghai (private)","True"
493,"李洪泉","Shanghai (private)","远东影业公司 (1)","化妆","化妆 (1)",1949,"Shanghai (private)","True"
494,"应云卫","Shanghai (roc) / Shanghai (private)","远东影业公司 (1) & 中央电影摄影场二厂 (1)","制片","制片 (2) & Director (1)",1949,"Shanghai (roc) / Shanghai (private)","True"
495,"吴仞之","Shanghai (private)","Datong Film Company (1)","Scriptwriter","Scriptwriter (1)",1949,"Shanghai (private)","True"
496,"史原","Shanghai (private)","Datong Film Company (2)","Acting","Acting (2)",1949,"Shanghai (private)","True"
497,"韩涛","Shanghai (private)","Datong Film Company (3) & 新时代影业公司 (Hong Kong) (1)","Acting","Acting (4)",1949,"Shanghai (private)","True"
498,"黄汉","Shanghai (private)","Datong Film Company (1)","Director","Director (1)",1949,"Shanghai (private)","True"
499,"赵清阁","Shanghai (private)","Datong Film Company (2)","Scriptwriter","Scriptwriter (2)",1949,"Shanghai (private)","True"
500,"江山","Shanghai (private)","Datong Film Company (1) & Wenhua Film Company (1) & 华侨影业公司 (Hong Kong) (1)","Acting","Acting (3)",1949,"Shanghai (private)","True"
501,"何兆璋","Shanghai (private)","Datong Film Company (2)","Director","Director (2)",1949,"Shanghai (private)","True"
502,"许之乔","Shanghai (private)","Datong Film Company (1)","Scriptwriter","Scriptwriter (1)",1949,"Shanghai (private)","True"
503,"张鸿眉","Shanghai (roc) / Shanghai (private)","Datong Film Company (1) & 中央电影摄影场二厂 (1)","Acting","Acting (2)",1949,"Shanghai (roc) / Shanghai (private)","True"
504,"季虹","Shanghai (private)","Datong Film Company (1)","Acting","Acting (1)",1949,"Shanghai (private)","True"
505,"姜祖麟","Shanghai (private)","Datong Film Company (1) & Kunlun Film Company (1)","Acting","Acting (2)",1949,"Shanghai (private)","True"
506,"王玉如","Shanghai (private)","Datong Film Company (2)","摄影","摄影 (2)",1949,"Shanghai (private)","True"
507,"张文纲","Shanghai (private)","Datong Film Company (1)","作曲","作曲 (1)",1949,"Shanghai (private)","True"
508,"汤晓丹","Shanghai (private)","Datong Film Company (1)","Director","Director (1)",1949,"Shanghai (private)","True"
509,"徐昌霖","Shanghai (private)","Datong Film Company (1) & Guotai Film Company (1)","Scriptwriter","Scriptwriter (2) & Director (1)",1949,"Shanghai (private)","True"
510,"金焰","Shanghai (private)","Datong Film Company (1)","Acting","Acting (1)",1949,"Shanghai (private)","True"
511,"秦怡","Shanghai (private)","Datong Film Company (1) & Wenhua Film Company (1)","Acting","Acting (2)",1949,"Shanghai (private)","True"
512,"徐垦","Shanghai (private)","Datong Film Company (1) & Guotai Film Company (1)","Acting","Acting (2)",1949,"Shanghai (private)","True"
513,"张慧","Shanghai (private)","Datong Film Company (1)","Acting","Acting (1)",1949,"Shanghai (private)","True"
514,"苏绘","Shanghai (private)","Datong Film Company (1)","Acting","Acting (1)",1949,"Shanghai (private)","True"
515,"林燕","Shanghai (private)","Datong Film Company (1)","Acting","Acting (1)",1949,"Shanghai (private)","True"
516,"刘旭东","Shanghai (private)","Datong Film Company (1)","Acting","Acting (1)",1949,"Shanghai (private)","True"
517,"高阳","Shanghai (private)","Datong Film Company (1)","Acting","Acting (1)",1949,"Shanghai (private)","True"
518,"叶清江","Shanghai (private)","Datong Film Company (1)","Acting","Acting (1)",1949,"Shanghai (private)","True"
519,"柳中浩","Shanghai (private)","Datong Film Company (2) & Guotai Film Company (4)","监制","监制 (6)",1949,"Shanghai (private)","True"
520,"陈翼青","Shanghai (private)","Guotai Film Company (1) & 中联影业公司 (Hong Kong) (1)","Director","Director (2)",1949,"Shanghai (private)","True"
521,"曹慧麟","Shanghai (private)","Guotai Film Company (1)","Acting","Acting (1)",1949,"Shanghai (private)","True"
522,"张琬","Shanghai (private)","Guotai Film Company (2) & 嘉华影业公司 (1) & 中联影业公司 (Hong Kong) (1)","Acting","Acting (4)",1949,"Shanghai (private)","True"
523,"燕群","Shanghai (private)","Guotai Film Company (1)","Acting","Acting (1)",1949,"Shanghai (private)","True"
524,"洪警铃","Shanghai (private)","Guotai Film Company (1) & 中联影业公司 (Hong Kong) (1)","Acting","Acting (2)",1949,"Shanghai (private)","True"
525,"舒丽娟","Shanghai (private)","Guotai Film Company (1)","Acting","Acting (1)",1949,"Shanghai (private)","True"
526,"欧阳琴","Shanghai (private)","Guotai Film Company (1)","Acting","Acting (1)",1949,"Shanghai (private)","True"
527,"张露","Shanghai (private)","Guotai Film Company (1)","Acting","Acting (1)",1949,"Shanghai (private)","True"
528,"张伊雯","Shanghai (private)","Guotai Film Company (1)","Acting","Acting (1)",1949,"Shanghai (private)","True"
529,"叶敏芝","Shanghai (private)","Guotai Film Company (1)","Acting","Acting (1)",1949,"Shanghai (private)","True"
530,"屠光启","Shanghai (private)","嘉华影业公司 (1) & 大华电影企业公司 (1) & 启华影片公司 (Hong Kong) (1)","Director","Director (3) & Scriptwriter (2) & Acting (1)",1949,"Shanghai (private)","True"
531,"杨忠源","Shanghai (private)","嘉华影业公司 (1)","Scriptwriter","Scriptwriter (1)",1949,"Shanghai (private)","True"
532,"陈天国","Shanghai (private)","嘉华影业公司 (1)","Acting","Acting (1)",1949,"Shanghai (private)","True"
533,"吴树勋","Shanghai (private)","大华电影企业公司 (1)","监制","监制 (1)",1949,"Shanghai (private)","True"
534,"桑弧","Shanghai (private)","Wenhua Film Company (2)","Director","Director (2) & Scriptwriter (1)",1949,"Shanghai (private)","True"
535,"黄沙","Shanghai (private)","Wenhua Film Company (1)","Director","Director (1)",1949,"Shanghai (private)","True"
536,"范瑞媚","Shanghai (private)","Wenhua Film Company (1)","Acting","Acting (1)",1949,"Shanghai (private)","True"
537,"傅全香","Shanghai (private)","Wenhua Film Company (1)","Acting","Acting (1)",1949,"Shanghai (private)","True"
538,"徐玉兰","Shanghai (private)","Wenhua Film Company (1)","Acting","Acting (1)",1949,"Shanghai (private)","True"
539,"王文娟","Shanghai (private)","Wenhua Film Company (1)","Acting","Acting (1)",1949,"Shanghai (private)","True"
540,"袁雪芬","Shanghai (private)","Wenhua Film Company (1)","Acting","Acting (1)",1949,"Shanghai (private)","True"
541,"筱水招","Shanghai (private)","Wenhua Film Company (1)","Acting","Acting (1)",1949,"Shanghai (private)","True"
542,"吴小楼","Shanghai (private)","Wenhua Film Company (1)","Acting","Acting (1)",1949,"Shanghai (private)","True"
543,"竺水招","Shanghai (private)","Wenhua Film Company (1)","Acting","Acting (1)",1949,"Shanghai (private)","True"
544,"戚雅仙","Shanghai (private)","Wenhua Film Company (1)","Acting","Acting (1)",1949,"Shanghai (private)","True"
545,"冯笑侬","Shanghai (private)","Wenhua Film Company (1)","Acting","Acting (1)",1949,"Shanghai (private)","True"
546,"吕云甫","Shanghai (private)","Wenhua Film Company (1)","Acting","Acting (1)",1949,"Shanghai (private)","True"
547,"牛汉诚","Shanghai (private)","Wenhua Film Company (2)","道具 | 美术","道具 (1) & 美术 (1)",1949,"Shanghai (private)","True"
548,"倪亦非","Shanghai (private)","Wenhua Film Company (2)","化妆","化妆 (2)",1949,"Shanghai (private)","True"
549,"唐煌","Shanghai (roc)","中央电影摄影场一厂 (2)","Director","Director (2)",1949,"Shanghai (roc)","False"
550,"易文","Shanghai (roc)","中央电影摄影场一厂 (1)","Scriptwriter","Scriptwriter (1)",1949,"Shanghai (roc)","False"
551,"邵华","Shanghai (roc)","中央电影摄影场一厂 (2)","Acting","Acting (2)",1949,"Shanghai (roc)","False"
552,"岳路","Shanghai (roc)","中央电影摄影场一厂 (2) & 中央电影摄影场二厂 (1)","Acting","Acting (3)",1949,"Shanghai (roc)","False"
553,"文波士","Shanghai (roc)","中央电影摄影场一厂 (1)","Acting","Acting (1)",1949,"Shanghai (roc)","False"
554,"莲蒂","Shanghai (roc)","中央电影摄影场一厂 (1)","Acting","Acting (1)",1949,"Shanghai (roc)","False"
555,"文泉","Shanghai (roc)","中央电影摄影场一厂 (1)","Acting","Acting (1)",1949,"Shanghai (roc)","False"
556,"杜骊珠","Shanghai (roc)","中央电影摄影场一厂 (1)","Acting","Acting (1)",1949,"Shanghai (roc)","False"
557,"孙侠","Shanghai (roc)","中央电影摄影场一厂 (2)","Acting","Acting (2)",1949,"Shanghai (roc)","False"
558,"郭平","Shanghai (roc)","中央电影摄影场一厂 (1)","Acting","Acting (1)",1949,"Shanghai (roc)","False"
559,"杨雪如","Shanghai (roc)","中央电影摄影场一厂 (2)","Acting","Acting (2)",1949,"Shanghai (roc)","False"
560,"田太宣","Shanghai (private)","中央电影摄影场一厂 (1) & Wenhua Film Company (1) & 华侨影业公司 (Hong Kong) (1)","Acting","Acting (3)",1949,"Shanghai (private)","True"
561,"戴学庐","Shanghai (roc)","中央电影摄影场一厂 (1)","Acting","Acting (1)",1949,"Shanghai (roc)","False"
562,"高秋","Shanghai (roc)","中央电影摄影场一厂 (2)","Acting","Acting (2)",1949,"Shanghai (roc)","False"
563,"杜小珠","Shanghai (roc)","中央电影摄影场一厂 (1)","Acting","Acting (1)",1949,"Shanghai (roc)","False"
564,"罗学濂","Shanghai (roc)","中央电影摄影场一厂 (2) & 中央电影摄影场二厂 (2)","监制","监制 (4)",1949,"Shanghai (roc)","False"
565,"裘逸苇","Shanghai (roc)","中央电影摄影场一厂 (2)","制片","制片 (2)",1949,"Shanghai (roc)","False"
566,"董健","Shanghai (roc)","中央电影摄影场一厂 (1)","摄影","摄影 (1)",1949,"Shanghai (roc)","False"
567,"庄文郎","Shanghai (roc)","中央电影摄影场一厂 (1)","剪辑","剪辑 (1)",1949,"Shanghai (roc)","False"
568,"李永周","Shanghai (roc)","中央电影摄影场一厂 (1)","道具","道具 (1)",1949,"Shanghai (roc)","False"
569,"韩辛","Shanghai (roc)","中央电影摄影场一厂 (1)","美术","美术 (1)",1949,"Shanghai (roc)","False"
570,"葛师承","Shanghai (roc)","中央电影摄影场一厂 (1)","布景","布景 (1)",1949,"Shanghai (roc)","False"
571,"戈永良","Shanghai (roc)","中央电影摄影场一厂 (1)","美术","美术 (1)",1949,"Shanghai (roc)","False"
572,"王沧","Shanghai (roc)","中央电影摄影场一厂 (1)","布景","布景 (1)",1949,"Shanghai (roc)","False"
573,"王铁彬","Shanghai (roc)","中央电影摄影场一厂 (1)","化妆","化妆 (1)",1949,"Shanghai (roc)","False"
574,"陈俊德","Shanghai (roc)","中央电影摄影场一厂 (1)","服装","服装 (1)",1949,"Shanghai (roc)","False"
575,"金杏庵","Shanghai (roc)","中央电影摄影场一厂 (1)","场务","场务 (1)",1949,"Shanghai (roc)","False"
576,"赵小亭","Shanghai (roc)","中央电影摄影场一厂 (1)","剧务","剧务 (1)",1949,"Shanghai (roc)","False"
577,"陈文泉","Shanghai (roc)","中央电影摄影场一厂 (1)","副导演","副导演 (1)",1949,"Shanghai (roc)","False"
578,"傅启疆","Shanghai (roc)","中央电影摄影场一厂 (1)","录音","录音 (1)",1949,"Shanghai (roc)","False"
579,"童芷苓","Shanghai (private)","Guotai Film Company (2)","Acting","Acting (2)",1949,"Shanghai (private)","True"
580,"石羽","Shanghai (private)","Guotai Film Company (1)","Acting","Acting (1)",1949,"Shanghai (private)","True"
581,"束夷","Shanghai (private)","Guotai Film Company (2) & Datong Film Company (1)","Acting","Acting (3)",1949,"Shanghai (private)","True"
582,"王豪","Shanghai (private)","Guotai Film Company (1)","Acting","Acting (1)",1949,"Shanghai (private)","True"
583,"周诗穆","Shanghai (private)","Guotai Film Company (2)","摄影","摄影 (2)",1949,"Shanghai (private)","True"
584,"吴天","Shanghai (roc)","中央电影摄影场二厂 (1)","Scriptwriter","Scriptwriter (1)",1949,"Shanghai (roc)","False"
585,"张慧灵","Shanghai (roc)","中央电影摄影场二厂 (1)","Acting","Acting (1)",1949,"Shanghai (roc)","False"
586,"张伐","Shanghai (roc)","中央电影摄影场二厂 (1)","Acting","Acting (1)",1949,"Shanghai (roc)","False"
587,"顾温厚","Shanghai (roc)","中央电影摄影场二厂 (1)","摄影","摄影 (1)",1949,"Shanghai (roc)","False"
588,"董克毅","Shanghai (roc)","中央电影摄影场二厂 (1)","摄影","摄影 (1)",1949,"Shanghai (roc)","False"
589,"叶苗","Shanghai (private)","中央电影摄影场二厂 (1) & Kunlun Film Company (1) & 华侨影业公司 (Hong Kong) (1)","布景","副导演 (1) & 布景 (2)",1949,"Shanghai (private)","True"
590,"薛志昌","Shanghai (roc)","中央电影摄影场二厂 (2)","录音","录音 (2)",1949,"Shanghai (roc)","False"
591,"蓝马","Shanghai (private)","Kunlun Film Company (2)","Acting","Acting (2)",1949,"Shanghai (private)","True"
592,"傅伯棠","Shanghai (private)","Kunlun Film Company (2)","Acting","Acting (2)",1949,"Shanghai (private)","True"
593,"卫江","Shanghai (private)","Kunlun Film Company (1)","Acting","Acting (1)",1949,"Shanghai (private)","True"
594,"许兰","Shanghai (private)","Kunlun Film Company (1)","Acting","Acting (1)",1949,"Shanghai (private)","True"
595,"任宗德","Shanghai (private)","Kunlun Film Company (2)","制片","制片 (2)",1949,"Shanghai (private)","True"
596,"夏云瑚","Shanghai (private)","Kunlun Film Company (1)","制片","制片 (1)",1949,"Shanghai (private)","True"
597,"郭奕耀","Shanghai (private)","Kunlun Film Company (1)","摄影","摄影 (1)",1949,"Shanghai (private)","True"
598,"邬廷芳","Shanghai (private)","Kunlun Film Company (2)","剪辑","剪辑 (2)",1949,"Shanghai (private)","True"
599,"姚志荣","Shanghai (private)","Kunlun Film Company (2)","道具","道具 (2)",1949,"Shanghai (private)","True"
600,"曹明","Shanghai (private)","Kunlun Film Company (2)","服装","服装 (2)",1949,"Shanghai (private)","True"
601,"梁英俊","Shanghai (private)","Kunlun Film Company (1)","场务","场务 (1)",1949,"Shanghai (private)","True"
602,"郑伯璋","Shanghai (private)","Kunlun Film Company (1)","录音","录音 (1)",1949,"Shanghai (private)","True"
603,"石挥","Shanghai (private)","Wenhua Film Company (2)","Scriptwriter | Acting | Director","Acting (1) & Director (1) & Scriptwriter (1)",1949,"Shanghai (private)","True"
604,"王万恩","Shanghai (private)","Wenhua Film Company (1)","Acting","Acting (1)",1949,"Shanghai (private)","True"
605,"刘小沪","Shanghai (private)","Wenhua Film Company (1) & Kunlun Film Company (1) & 启华影片公司 (Hong Kong) (1)","Acting","Acting (3)",1949,"Shanghai (private)","True"
606,"徐伟杰","Shanghai (private)","Wenhua Film Company (1)","Acting","Acting (1)",1949,"Shanghai (private)","True"
607,"沈丽","Shanghai (private)","Wenhua Film Company (1)","Acting","Acting (1)",1949,"Shanghai (private)","True"
608,"路珊","Shanghai (private)","Wenhua Film Company (1)","Acting","Acting (1)",1949,"Shanghai (private)","True"
609,"钱楚材","Shanghai (private)","Wenhua Film Company (1)","Acting","Acting (1)",1949,"Shanghai (private)","True"
610,"韩非","Shanghai (private)","Wenhua Film Company (1)","Acting","Acting (1)",1949,"Shanghai (private)","True"
611,"马斐","Shanghai (private)","Wenhua Film Company (1)","Acting","Acting (1)",1949,"Shanghai (private)","True"
612,"李浩","Shanghai (private)","Wenhua Film Company (1)","Acting","Acting (1)",1949,"Shanghai (private)","True"
613,"李婉青","Shanghai (private)","Wenhua Film Company (1)","Acting","Acting (1)",1949,"Shanghai (private)","True"
614,"胡小琴","Shanghai (private)","Wenhua Film Company (1)","Acting","Acting (1)",1949,"Shanghai (private)","True"
615,"顾慕如","Shanghai (private)","Wenhua Film Company (1)","Acting","Acting (1)",1949,"Shanghai (private)","True"
616,"余仲英","Shanghai (private)","Wenhua Film Company (2)","Acting","Acting (2)",1949,"Shanghai (private)","True"
617,"伊斯兰","Shanghai (private)","Wenhua Film Company (2)","Acting","Acting (2)",1949,"Shanghai (private)","True"
618,"朱嘉琛","Shanghai (private)","Wenhua Film Company (1)","Acting","Acting (1)",1949,"Shanghai (private)","True"
619,"叶明","Shanghai (private)","Wenhua Film Company (2)","Acting | 副导演","Acting (1) & 副导演 (1)",1949,"Shanghai (private)","True"
620,"葛梅强","Shanghai (private)","Wenhua Film Company (1) & Datong Film Company (1)","Acting","Acting (2)",1949,"Shanghai (private)","True"
621,"于复瑛","Shanghai (private)","Wenhua Film Company (1) & 华侨影业公司 (Hong Kong) (1)","Acting","Acting (2)",1949,"Shanghai (private)","True"
622,"黄绍芬","Shanghai (private)","Wenhua Film Company (1)","摄影","摄影 (1)",1949,"Shanghai (private)","True"
623,"马林发","Shanghai (private)","Wenhua Film Company (2)","技术顾问 | 摄影助理","技术顾问 (1) & 摄影助理 (1)",1949,"Shanghai (private)","True"
624,"张锡龄","Shanghai (private)","Wenhua Film Company (1)","技术顾问","技术顾问 (1)",1949,"Shanghai (private)","True"
625,"郭良","Shanghai (private)","Wenhua Film Company (2)","录音助理 | 技术顾问","技术顾问 (1) & 录音助理 (1)",1949,"Shanghai (private)","True"
626,"徐志良","Shanghai (private)","Wenhua Film Company (1)","技术顾问","技术顾问 (1)",1949,"Shanghai (private)","True"
627,"张伟秋","Shanghai (private)","Wenhua Film Company (2)","道具","道具 (2)",1949,"Shanghai (private)","True"
628,"王月白","Shanghai (private)","Wenhua Film Company (1)","布景","布景 (1)",1949,"Shanghai (private)","True"
629,"戚秋鸣","Shanghai (private)","Wenhua Film Company (2)","服装","服装 (2)",1949,"Shanghai (private)","True"
630,"吴剑晃","Shanghai (private)","Wenhua Film Company (1)","剧务","剧务 (1)",1949,"Shanghai (private)","True"
631,"徐进","Shanghai (private)","Wenhua Film Company (2)","剧务","剧务 (2)",1949,"Shanghai (private)","True"
632,"沈轶民","Shanghai (private)","Wenhua Film Company (1)","录音","录音 (1)",1949,"Shanghai (private)","True"
633,"毛根","Shanghai (private)","Wenhua Film Company (2)","录音助理 | 技术顾问","技术顾问 (1) & 录音助理 (1)",1949,"Shanghai (private)","True"
634,"王洁","Shanghai (private)","Wenhua Film Company (2)","场记","场记 (2)",1949,"Shanghai (private)","True"
635,"许荷香","Shanghai (private)","Wenhua Film Company (2) & 中联影业公司 (Hong Kong) (1) & 华侨影业公司 (Hong Kong) (1)","洗印","洗印 (3) & 剪辑 (1)",1949,"Shanghai (private)","True"
636,"杜振昆","Shanghai (private)","Wenhua Film Company (2) & 中联影业公司 (Hong Kong) (1) & 华侨影业公司 (Hong Kong) (1)","洗印","洗印 (4)",1949,"Shanghai (private)","True"
637,"包蕾","Shanghai (roc) / Shanghai (private)","Guotai Film Company (1) & 中央电影摄影场二厂 (1)","Scriptwriter","Scriptwriter (2)",1949,"Shanghai (roc) / Shanghai (private)","True"
638,"温锡莹","Shanghai (private)","Guotai Film Company (1)","Acting","Acting (1)",1949,"Shanghai (private)","True"
639,"凌之浩","Shanghai (private)","Guotai Film Company (1)","Acting","Acting (1)",1949,"Shanghai (private)","True"
640,"凌云","Shanghai (private)","Guotai Film Company (1)","Acting","Acting (1)",1949,"Shanghai (private)","True"
641,"马骥","Shanghai (private)","Guotai Film Company (1)","Acting","Acting (1)",1949,"Shanghai (private)","True"
642,"房珊","Shanghai (private)","Guotai Film Company (1)","Acting","Acting (1)",1949,"Shanghai (private)","True"
643,"谈鹤鸣","Shanghai (private)","Guotai Film Company (1)","录音","录音 (1)",1949,"Shanghai (private)","True"
644,"童玉庭","Shanghai (private)","Guotai Film Company (1)","布景","布景 (1)",1949,"Shanghai (private)","True"
645,"李思慎","Shanghai (private)","Guotai Film Company (1)","剧务","剧务 (1)",1949,"Shanghai (private)","True"
646,"马爱珍","Shanghai (private)","Guotai Film Company (1)","场记","场记 (1)",1949,"Shanghai (private)","True"
647,"崔元良","Shanghai (private)","Guotai Film Company (1)","场务","场务 (1)",1949,"Shanghai (private)","True"
648,"何菊生","Shanghai (private)","Guotai Film Company (1) & 中联影业公司 (Hong Kong) (1)","道具","道具 (2)",1949,"Shanghai (private)","True"
649,"葛宾甫","Shanghai (private)","Guotai Film Company (1)","服装","服装 (1)",1949,"Shanghai (private)","True"
650,"章庄华","Shanghai (private)","Guotai Film Company (1)","布景","布景 (1)",1949,"Shanghai (private)","True"
651,"张瑞庆","Shanghai (private)","Guotai Film Company (1)","美术","美术 (1)",1949,"Shanghai (private)","True"
652,"白光","Shanghai (private)","中联影业公司 (Hong Kong) (1) & 新时代影业公司 (Hong Kong) (1)","Acting","Acting (2)",1949,"Shanghai (private)","True"
653,"梅熹","Shanghai (private)","中联影业公司 (Hong Kong) (1)","Acting","Acting (1)",1949,"Shanghai (private)","True"
654,"金奇","Shanghai (private)","中联影业公司 (Hong Kong) (1)","Acting","Acting (1)",1949,"Shanghai (private)","True"
655,"尔群","Shanghai (private)","中联影业公司 (Hong Kong) (1)","Acting","Acting (1)",1949,"Shanghai (private)","True"
656,"陈雷","Shanghai (private)","中联影业公司 (Hong Kong) (1)","剧务 | Acting","剧务 (1) & Acting (1)",1949,"Shanghai (private)","True"
657,"柳影","Shanghai (private)","中联影业公司 (Hong Kong) (1)","Acting","Acting (1)",1949,"Shanghai (private)","True"
658,"吴树鸿","Shanghai (private)","中联影业公司 (Hong Kong) (1)","Acting","Acting (1)",1949,"Shanghai (private)","True"
659,"朱云山","Shanghai (private)","中联影业公司 (Hong Kong) (1) & Datong Film Company (1)","Acting","Acting (2)",1949,"Shanghai (private)","True"
660,"希若","Shanghai (private)","中联影业公司 (Hong Kong) (1)","Acting","Acting (1)",1949,"Shanghai (private)","True"
661,"姚亚影","Shanghai (private)","中联影业公司 (Hong Kong) (1)","Acting","Acting (1)",1949,"Shanghai (private)","True"
662,"范锦华","Shanghai (private)","中联影业公司 (Hong Kong) (1)","Acting | 化妆","化妆 (1) & Acting (1)",1949,"Shanghai (private)","True"
663,"严玉良","Shanghai (private)","中联影业公司 (Hong Kong) (1)","录音","录音 (1)",1949,"Shanghai (private)","True"
664,"吴家骅","Shanghai (private)","中联影业公司 (Hong Kong) (1)","录音助理","录音助理 (1)",1949,"Shanghai (private)","True"
665,"张英","Shanghai (private)","中联影业公司 (Hong Kong) (1)","作词","作词 (1)",1949,"Shanghai (private)","True"
666,"刘甦","Shanghai (private)","中联影业公司 (Hong Kong) (1)","作曲","作曲 (1)",1949,"Shanghai (private)","True"
667,"韦纯葆","Shanghai (private)","中联影业公司 (Hong Kong) (1)","剪辑","剪辑 (1)",1949,"Shanghai (private)","True"
668,"予恕","Shanghai (private)","中联影业公司 (Hong Kong) (1)","场记","场记 (1)",1949,"Shanghai (private)","True"
669,"吴瑞林","Shanghai (private)","中联影业公司 (Hong Kong) (1)","场务","场务 (1)",1949,"Shanghai (private)","True"
670,"曲延椿","Shanghai (private)","中联影业公司 (Hong Kong) (1)","场务","场务 (1)",1949,"Shanghai (private)","True"
671,"何子英","Shanghai (private)","中联影业公司 (Hong Kong) (1)","服装","服装 (1)",1949,"Shanghai (private)","True"
672,"张彻","Shanghai (private)","Guotai Film Company (1)","Scriptwriter","Scriptwriter (1)",1949,"Shanghai (private)","True"
673,"蓝天虹","Shanghai (private)","Guotai Film Company (1)","Acting","Acting (1)",1949,"Shanghai (private)","True"
674,"吴惊鸿","Shanghai (private)","Guotai Film Company (1)","Acting","Acting (1)",1949,"Shanghai (private)","True"
675,"阳华","Shanghai (private)","Guotai Film Company (1)","Acting","Acting (1)",1949,"Shanghai (private)","True"
676,"陈云华","Shanghai (private)","Guotai Film Company (1) & 启华影片公司 (Hong Kong) (1)","Acting","Acting (2)",1949,"Shanghai (private)","True"
677,"徐欣夫","Shanghai (private)","Guotai Film Company (1)","制片主任","制片主任 (1)",1949,"Shanghai (private)","True"
678,"洪深","Shanghai (private)","Datong Film Company (1)","Scriptwriter","Scriptwriter (1)",1949,"Shanghai (private)","True"
679,"严碧丽","Shanghai (private)","Datong Film Company (1)","Acting","Acting (1)",1949,"Shanghai (private)","True"
680,"范来","Shanghai (private)","Datong Film Company (1)","Acting","Acting (1)",1949,"Shanghai (private)","True"
681,"关嘉丽","Shanghai (private)","Datong Film Company (1)","Acting","Acting (1)",1949,"Shanghai (private)","True"
682,"华重山","Shanghai (private)","Datong Film Company (1)","Acting","Acting (1)",1949,"Shanghai (private)","True"
683,"丁惟明","Shanghai (private)","Datong Film Company (1)","Acting","Acting (1)",1949,"Shanghai (private)","True"
684,"曼萍","Shanghai (private)","Datong Film Company (1)","Acting","Acting (1)",1949,"Shanghai (private)","True"
685,"张瞳","Shanghai (private)","Datong Film Company (1)","Acting","Acting (1)",1949,"Shanghai (private)","True"
686,"王梦石","Shanghai (private)","Datong Film Company (1)","化妆","化妆 (1)",1949,"Shanghai (private)","True"
687,"萧寿生","Shanghai (private)","Datong Film Company (1)","洗印","洗印 (1)",1949,"Shanghai (private)","True"
688,"陈鲤庭","Shanghai (private)","Kunlun Film Company (1)","Director","Director (1)",1949,"Shanghai (private)","True"
689,"周峰","Shanghai (private)","Kunlun Film Company (1)","Acting","Acting (1)",1949,"Shanghai (private)","True"
690,"高重宝","Shanghai (private)","Kunlun Film Company (1)","Acting","Acting (1)",1949,"Shanghai (private)","True"
691,"马宗英","Shanghai (private)","Kunlun Film Company (1)","Acting","Acting (1)",1949,"Shanghai (private)","True"
692,"王苹","Shanghai (private)","Kunlun Film Company (1)","Acting","Acting (1)",1949,"Shanghai (private)","True"
693,"田广才","Shanghai (private)","Kunlun Film Company (1)","Acting","Acting (1)",1949,"Shanghai (private)","True"
694,"王杰","Shanghai (private)","Kunlun Film Company (1)","Acting","Acting (1)",1949,"Shanghai (private)","True"
695,"孟浪","Shanghai (private)","Kunlun Film Company (1)","Acting","Acting (1)",1949,"Shanghai (private)","True"
696,"方平","Shanghai (private)","Kunlun Film Company (1)","Acting","Acting (1)",1949,"Shanghai (private)","True"
697,"林秋","Shanghai (private)","Kunlun Film Company (1)","Acting","Acting (1)",1949,"Shanghai (private)","True"
698,"刘碧堂","Shanghai (private)","Kunlun Film Company (1)","Acting","Acting (1)",1949,"Shanghai (private)","True"
699,"周星","Shanghai (private)","Kunlun Film Company (1)","Acting","Acting (1)",1949,"Shanghai (private)","True"
700,"许秉铎","Shanghai (private)","Kunlun Film Company (1)","Acting","Acting (1)",1949,"Shanghai (private)","True"
701,"费克","Shanghai (private)","Kunlun Film Company (1)","Acting","Acting (1)",1949,"Shanghai (private)","True"
702,"周泓","Shanghai (private)","Kunlun Film Company (1)","Acting","Acting (1)",1949,"Shanghai (private)","True"
703,"方维丽","Shanghai (private)","Kunlun Film Company (1)","Acting","Acting (1)",1949,"Shanghai (private)","True"
704,"谭震","Shanghai (private)","Kunlun Film Company (1)","Acting","Acting (1)",1949,"Shanghai (private)","True"
705,"王为一","Shanghai (private)","Kunlun Film Company (1)","Acting","Acting (1)",1949,"Shanghai (private)","True"
706,"夏天","Shanghai (private)","Kunlun Film Company (1)","Acting","Acting (1)",1949,"Shanghai (private)","True"
707,"吴蔚云","Shanghai (private)","Kunlun Film Company (1)","技术顾问","技术顾问 (1)",1949,"Shanghai (private)","True"
708,"沈喜林","Shanghai (private)","Kunlun Film Company (1)","摄影助理","摄影助理 (1)",1949,"Shanghai (private)","True"
709,"孙良录","Shanghai (private)","Kunlun Film Company (1)","录音","录音 (1)",1949,"Shanghai (private)","True"
710,"张福宝","Shanghai (private)","Kunlun Film Company (1)","录音","录音 (1)",1949,"Shanghai (private)","True"
711,"华耀祖","Shanghai (private)","Kunlun Film Company (1)","录音助理","录音助理 (1)",1949,"Shanghai (private)","True"
712,"陆奇生","Shanghai (private)","Kunlun Film Company (1)","灯光","灯光 (1)",1949,"Shanghai (private)","True"
713,"诸富祥","Shanghai (private)","Kunlun Film Company (1)","布景设计","布景设计 (1)",1949,"Shanghai (private)","True"
714,"孟远","Shanghai (private)","Kunlun Film Company (1)","场记","场记 (1)",1949,"Shanghai (private)","True"
715,"张普人","Shanghai (private)","Kunlun Film Company (1)","场务","场务 (1)",1949,"Shanghai (private)","True"
716,"徐而泉","Shanghai (private)","Kunlun Film Company (1)","洗印","洗印 (1)",1949,"Shanghai (private)","True"
717,"杜丽珠","Shanghai (private)","Wenhua Film Company (1)","Acting","Acting (1)",1949,"Shanghai (private)","True"
718,"吕媚莲","Shanghai (private)","Wenhua Film Company (1)","Acting","Acting (1)",1949,"Shanghai (private)","True"
719,"周小朋","Shanghai (private)","Wenhua Film Company (1)","Acting","Acting (1)",1949,"Shanghai (private)","True"
720,"李敏珠","Shanghai (private)","Wenhua Film Company (1)","Acting","Acting (1)",1949,"Shanghai (private)","True"
721,"李盛左","Shanghai (private)","Wenhua Film Company (1)","Acting","Acting (1)",1949,"Shanghai (private)","True"
722,"耿震","Shanghai (private)","Wenhua Film Company (1)","Acting","Acting (1)",1949,"Shanghai (private)","True"
723,"张翚","Shanghai (private)","Wenhua Film Company (1)","Acting","Acting (1)",1949,"Shanghai (private)","True"
724,"胡小菡","Shanghai (private)","Wenhua Film Company (1) & 华侨影业公司 (Hong Kong) (1)","Acting","Acting (2)",1949,"Shanghai (private)","True"
725,"童葆苓","Shanghai (private)","Wenhua Film Company (1)","Acting","Acting (1)",1949,"Shanghai (private)","True"
726,"华臣","Shanghai (private)","Wenhua Film Company (1)","Acting","Acting (1)",1949,"Shanghai (private)","True"
727,"葛伟卿","Shanghai (private)","Wenhua Film Company (1)","摄影","摄影 (1)",1949,"Shanghai (private)","True"
728,"朱伟刚","Shanghai (private)","Wenhua Film Company (1)","录音","录音 (1)",1949,"Shanghai (private)","True"
729,"李恩杰","Shanghai (private)","Wenhua Film Company (1)","布景","布景 (1)",1949,"Shanghai (private)","True"
730,"傅继秋","Shanghai (private)","Wenhua Film Company (1)","剪辑","剪辑 (1)",1949,"Shanghai (private)","True"
731,"牛汉城","Shanghai (private)","Wenhua Film Company (1)","美术","美术 (1)",1949,"Shanghai (private)","True"
732,"戴耘","Shanghai (roc)","中央电影摄影场二厂 (1)","Acting","Acting (1)",1949,"Shanghai (roc)","False"
733,"蒋幼安","Shanghai (roc)","中央电影摄影场二厂 (1)","Acting","Acting (1)",1949,"Shanghai (roc)","False"
734,"王路西","Shanghai (roc)","中央电影摄影场二厂 (1)","Acting","Acting (1)",1949,"Shanghai (roc)","False"
735,"袁立风","Shanghai (roc)","中央电影摄影场二厂 (1)","Acting","Acting (1)",1949,"Shanghai (roc)","False"
736,"王骏","Shanghai (roc)","中央电影摄影场二厂 (1)","Acting","Acting (1)",1949,"Shanghai (roc)","False"
737,"徐苏灵","Shanghai (roc)","中央电影摄影场二厂 (1)","制片","制片 (1)",1949,"Shanghai (roc)","False"
738,"石凤岐","Shanghai (roc)","中央电影摄影场二厂 (1)","摄影","摄影 (1)",1949,"Shanghai (roc)","False"
739,"金学琴","Shanghai (roc)","中央电影摄影场二厂 (1)","剪辑","剪辑 (1)",1949,"Shanghai (roc)","False"
740,"翁世涛","Shanghai (roc)","中央电影摄影场二厂 (1)","布景","布景 (1)",1949,"Shanghai (roc)","False"
741,"庄凯庐","Shanghai (roc)","中央电影摄影场二厂 (1)","道具","道具 (1)",1949,"Shanghai (roc)","False"
742,"杨甦","Shanghai (private)","新时代影业公司 (Hong Kong) (1)","Scriptwriter","Scriptwriter (1)",1949,"Shanghai (private)","True"
743,"王珏","Shanghai (private)","新时代影业公司 (Hong Kong) (1)","Acting","Acting (1)",1949,"Shanghai (private)","True"
744,"梅村","Shanghai (private)","新时代影业公司 (Hong Kong) (1)","Acting","Acting (1)",1949,"Shanghai (private)","True"
745,"朱江","Shanghai (private)","新时代影业公司 (Hong Kong) (1)","Acting","Acting (1)",1949,"Shanghai (private)","True"
746,"严克俊","Shanghai (private)","新时代影业公司 (Hong Kong) (1)","监制","监制 (1)",1949,"Shanghai (private)","True"
747,"严勤甫","Shanghai (private)","新时代影业公司 (Hong Kong) (1)","制片","制片 (1)",1949,"Shanghai (private)","True"
748,"胡杰","Shanghai (private)","新时代影业公司 (Hong Kong) (1)","副导演","副导演 (1)",1949,"Shanghai (private)","True"
749,"吴文超","Shanghai (private)","华星影业公司 (Hong Kong) (1)","Director","Director (1)",1949,"Shanghai (private)","True"
750,"华香琳","Shanghai (private)","华星影业公司 (Hong Kong) (1)","Acting","Acting (1)",1949,"Shanghai (private)","True"
751,"王曼娜","Shanghai (private)","华星影业公司 (Hong Kong) (1)","Acting","Acting (1)",1949,"Shanghai (private)","True"
752,"于素秋","Shanghai (private)","华星影业公司 (Hong Kong) (1)","Acting","Acting (1)",1949,"Shanghai (private)","True"
753,"严肃","Shanghai (private)","华星影业公司 (Hong Kong) (1)","Acting","Acting (1)",1949,"Shanghai (private)","True"
754,"岳麟","Shanghai (private)","华星影业公司 (Hong Kong) (1)","Acting","Acting (1)",1949,"Shanghai (private)","True"
755,"罗丹","Shanghai (roc)","中央电影摄影场一厂 (1)","Acting","Acting (1)",1949,"Shanghai (roc)","False"
756,"李丹凝","Shanghai (roc)","中央电影摄影场一厂 (1)","Acting","Acting (1)",1949,"Shanghai (roc)","False"
757,"应国珍","Shanghai (roc)","中央电影摄影场一厂 (1)","Acting","Acting (1)",1949,"Shanghai (roc)","False"
758,"李静康","Shanghai (roc)","中央电影摄影场一厂 (1)","Acting","Acting (1)",1949,"Shanghai (roc)","False"
759,"沈继禹","Shanghai (roc)","中央电影摄影场一厂 (1)","Acting","Acting (1)",1949,"Shanghai (roc)","False"
760,"钱能","Shanghai (roc)","中央电影摄影场一厂 (1)","Acting","Acting (1)",1949,"Shanghai (roc)","False"
761,"陈濠","Shanghai (roc)","中央电影摄影场一厂 (1)","Acting","Acting (1)",1949,"Shanghai (roc)","False"
762,"江上鸥","Shanghai (roc)","中央电影摄影场一厂 (1)","执行导演","执行导演 (1)",1949,"Shanghai (roc)","False"
763,"李憾山","Shanghai (roc)","中央电影摄影场一厂 (1)","剧本整理","剧本整理 (1)",1949,"Shanghai (roc)","False"
764,"徐昂千","Shanghai (roc)","中央电影摄影场一厂 (1)","制片","制片 (1)",1949,"Shanghai (roc)","False"
765,"唐绍华","Shanghai (private)","华侨影业公司 (Hong Kong) (1)","Director","Director (1)",1949,"Shanghai (private)","True"
766,"陶熊","Shanghai (private)","华侨影业公司 (Hong Kong) (1)","Scriptwriter","Scriptwriter (1)",1949,"Shanghai (private)","True"
767,"严斐","Shanghai (private)","华侨影业公司 (Hong Kong) (1)","Acting","Acting (1)",1949,"Shanghai (private)","True"
768,"白郎","Shanghai (private)","华侨影业公司 (Hong Kong) (1)","Acting","Acting (1)",1949,"Shanghai (private)","True"
769,"陈娟娟","Shanghai (private)","华侨影业公司 (Hong Kong) (1)","Acting","Acting (1)",1949,"Shanghai (private)","True"
770,"朱红","Shanghai (private)","华侨影业公司 (Hong Kong) (1)","Acting","Acting (1)",1949,"Shanghai (private)","True"
771,"徐平","Shanghai (private)","华侨影业公司 (Hong Kong) (1)","剧务","剧务 (1)",1949,"Shanghai (private)","True"
772,"高运昌","Shanghai (private)","华侨影业公司 (Hong Kong) (1)","灯光","灯光 (1)",1949,"Shanghai (private)","True"
773,"李农","Shanghai (private)","华侨影业公司 (Hong Kong) (1)","场记","场记 (1)",1949,"Shanghai (private)","True"
