Film Key,Film Title,Production,Category,Has Downloadable Source on 1905 (False for films with limited source and empty for no source)
ai le zhong nian,哀乐中年,Wenhua Film Company,Shanghai (private),TRUE
can dong,残冬,Guotai Film Company,Shanghai (private),
die hai xiong feng,谍海雄风,中联影业公司 (Hong Kong),Shanghai (private),
huang yuan yan ji,荒园艳迹,Guotai Film Company,Shanghai (private),
ji fan feng yu,几番风雨,Datong Film Company,Shanghai (private),
li ren xing,丽人行,Kunlun Film Company,Shanghai (private),TRUE
mu qin (1949),母亲,Wenhua Film Company,Shanghai (private),
qing shan cui gu,青山翠谷,中央电影摄影场二厂,Shanghai (roc),
sha ren ye,杀人夜,新时代影业公司 (Hong Kong),Shanghai (private),
shi san hao nv dao,十三号女盗,启华影片公司 (Hong Kong),Shanghai (private),
shuang qiang nv xia,双枪女侠,华星影业公司 (Hong Kong),Shanghai (private),
yin hai huan meng,银海幻梦,中央电影摄影场一厂,Shanghai (roc),
ying cheng qi tan,影城奇谭,Guotai Film Company,Shanghai (private),
zai sheng nian hua,再生年华,华侨影业公司 (Hong Kong),Shanghai (private),
chou shen si hai,仇深似海,Guotai Film Company,Shanghai (private),
he ping ge,和平鸽,Da Guangming Film Company,Shanghai (private),
san dui fu qi,三对夫妻,Wenhua Film Company,Shanghai (private),
xiang si shu,相思树,Wenhua Film Company,Shanghai (private),
yuan yang jian,鸳鸯剑,Guotai Film Company,Shanghai (private),
duo deng,躲灯,Haiyan Film Studio,Shanghai (state),
song wen shen,送瘟神,Tianma Film Studio,Shanghai (state),
zhou xin fang de wu tai yi shu,周信芳的舞台艺术,Tianma Film Studio,Shanghai (state),TRUE
long fei feng wu,龙飞凤舞,August First Film Studio,Beijing,
kong su,控诉,Changjiang Film Studio,Shanghai (private),
guang hui can lan,光辉灿烂,Wenhua Film Company,Shanghai (private),
yi pian xin,一片心,Haiyan Film Studio,Shanghai (state),
gao qin fu,告亲夫,Pearl River Film Studio & Hong Kong Hongtu Film Company,Canton,
bao zhong qu bao,宝中取宝,Changchun Film Studio,Northeast,
fu fu jin xing qu,夫妇进行曲,Changjiang Film Studio,Shanghai (private),TRUE
zi mei yuan jia,姊妹冤家,中企影艺社,Shanghai (private),
yan hua nv er fan shen ji,烟花女儿翻身记,Beijing Film Studio,Beijing,
fu nv chun qiu,妇女春秋,Guotai Film Company & 华东影片经理公司,Shanghai (private),
zai sheng feng huang,再生凤凰,Guotai Film Company,Shanghai (private),
jiang nan chun xiao,江南春晓,Guotai Film Company,Shanghai (private),
qing deng yuan,青灯怨,Guotai Film Company,Shanghai (private),
ye lai feng yu sheng,夜来风雨声,新时代影业公司 (Hong Kong),Shanghai (private),
sen lin da xue an,森林大血案,中企影艺社,Shanghai (private),
han shan si zhong sheng,寒山寺钟声,中企影艺社,Shanghai (private),
nian nian ru yi,年年如意,华光影业制片厂,Shanghai (private),
tong xin jie,同心结,嘉年影业公司,Shanghai (private),
e ren xing,饿人行,嘉年影业公司,Shanghai (private),
nv er chun,女儿春,Datong Film Company,Shanghai (private),
ren shou zhi jian,人兽之间,嘉年影业公司,Shanghai (private),
ren zai wu yan xia,人在屋檐下,华侨影业公司 (Hong Kong),Shanghai (private),
nv da heng,女大亨,黎明影业公司,Shanghai (private),
tai ping qiao de nu chao,太平桥的怒潮,新中华影业公司,Shanghai (private),
jiang cun you xia zhuan,江村游侠传,新中华影业公司,Shanghai (private),
da jia huan xi,大家欢喜,新中华影业公司,Shanghai (private),
huan nan fu qi,患难夫妻,Da Guangming Film Company & Guotai Film Company,Shanghai (private),
hun yan da shi,婚姻大事,惠昌商务有限公司,Shanghai (private),
san bai liu shi hang,三百六十行,Da Guangming Film Company & Guotai Film Company,Shanghai (private),
shuo huang de zhang fu,说谎的丈夫,东华影业公司,Shanghai (private),
yin yang jie,阴阳界,东华影业公司,Shanghai (private),
shi liu hong,石榴红,中国五彩电影实验工场,Shanghai (private),
zhi bu guo shi ai qing,只不过是爱情,中国五彩电影实验工场,Shanghai (private),
da lei yu,大雷雨,远东影业公司,Shanghai (private),
ye ying qu,夜莺曲,雷电影业公司,Shanghai (private),
shi li chuan jia,诗礼传家,Da Guangming Film Company,Shanghai (private),
ying mi zhuan,影迷传,Datong Film Company,Shanghai (private),
zi you tian di,自由天地,Datong Film Company,Shanghai (private),
tai tai wen ti,太太问题,Guotai Film Company,Shanghai (private),
huan tian xi di,欢天喜地,Datong Film Company,Shanghai (private),
die lian hua,蝶恋花,Datong Film Company,Shanghai (private),
wang chuan qiu shui,望穿秋水,Datong Film Company,Shanghai (private),
shi qu de ai qing,失去的爱情,Datong Film Company,Shanghai (private),
yi xiang tian kai,异想天开,Guotai Film Company,Shanghai (private),
nv zei,女贼,嘉华影业公司,Shanghai (private),
wan huo de nv ren,玩火的女人,大华电影企业公司,Shanghai (private),
sheng ming jiao xiang qu,生命交响曲,Guotai Film Company,Shanghai (private),
yue ju jing hua,越剧菁华,Wenhua Film Company,Shanghai (private),
xun meng ji,寻梦记,中央电影摄影场一厂,Shanghai (roc),
shi er xiao shi de qi ji,十二小时的奇迹,Guotai Film Company,Shanghai (private),
xi ying chun,喜迎春,中央电影摄影场二厂,Shanghai (roc),
xi wang zai ren jian,希望在人间,Kunlun Film Company,Shanghai (private),
qiao,桥,Northeast Film Studio,Northeast,
hui dao zi ji dui wu lai,回到自己队伍来,Northeast Film Studio,Northeast,
guang mang wan zhang,光芒万丈,Northeast Film Studio,Northeast,TRUE
zhong hua nv er,中华女儿,Northeast Film Studio,Northeast,TRUE
bai yi zhan shi,白衣战士,Northeast Film Studio,Northeast,FALSE
wu xing de zhan xian,无形的战线,Northeast Film Studio,Northeast,TRUE
biao,表,Wenhua Film Company,Shanghai (private),FALSE
er bai wu xiao zhuan,二百五小传,Datong Film Company,Shanghai (private),FALSE
wu ya yu ma que,乌鸦与麻雀,Kunlun Film Company,Shanghai (private),TRUE
san mao liu lang ji,三毛流浪记,Kunlun Film Company,Shanghai (private),TRUE
zhao yi man,赵一曼,Northeast Film Studio,Northeast,TRUE
guang rong ren jia,光荣人家,Northeast Film Studio,Northeast,TRUE
wei guo bao jia,卫国保家,Northeast Film Studio,Northeast,TRUE
hong qi ge,红旗歌,Northeast Film Studio,Northeast,TRUE
gang tie zhan shi,钢铁战士,Northeast Film Studio,Northeast,TRUE
gao ge meng jin,高歌猛进,Northeast Film Studio,Northeast,TRUE
liu hu lan,刘胡兰,Northeast Film Studio,Northeast,TRUE
liao yuan de xiang cun,辽远的乡村,Northeast Film Studio,Northeast,TRUE
nei meng ren min de sheng li,内蒙人民的胜利,Northeast Film Studio,Northeast,
bai mao nv,白毛女,Northeast Film Studio,Northeast,TRUE
ren min de zhan shi,人民的战士,Northeast Film Studio,Northeast,
bao wei sheng li guo shi,保卫胜利果实,Northeast Film Studio,Northeast,
zai qian jin de dao lu shang,在前进的道路上,Northeast Film Studio,Northeast,
lv liang ying xiong,吕梁英雄,Beijing Film Studio,Beijing,TRUE
gui shen bu ling,鬼神不灵,Beijing Film Studio,Beijing,TRUE
min zhu qing nian jin xing qu,民主青年进行曲,Beijing Film Studio,Beijing,TRUE
er nv qin shi,儿女亲事,Beijing Film Studio,Beijing,TRUE
he ping bao wei zhe,和平保卫者,Beijing Film Studio,Beijing,TRUE
nong jia le,农家乐,Shanghai Film Studio,Shanghai (state),TRUE
da di chong guang,大地重光,Shanghai Film Studio,Shanghai (state),TRUE
ren min de ju zhang,人民的巨掌,Kunlun Film Company,Shanghai (private),
wu xun zhuan (shang ji),武训传（上集）,Kunlun Film Company,Shanghai (private),
wu xun zhuan (xia ji),武训传（下集）,Kunlun Film Company,Shanghai (private),
tai ping chun,太平春,Wenhua Film Company,Shanghai (private),
si xiang wen ti,思想问题,Wenhua Film Company,Shanghai (private),
wo zhe yi bei zi,我这一辈子,Wenhua Film Company,Shanghai (private),TRUE
fu shi (1950),腐蚀,Wenhua Film Company,Shanghai (private),
gui hua,鬼话,Northeast Film Studio,Northeast,TRUE
xin er nv ying xiong zhuan,新儿女英雄传,Beijing Film Studio,Beijing,TRUE
shan bei mu ge,陕北牧歌,Beijing Film Studio,Beijing,TRUE
zou xiang xin zhong guo,走向新中国,Beijing Film Studio,Beijing,TRUE
nv si ji,女司机,Shanghai Film Studio,Shanghai (state),TRUE
tuan jie qi lai dao ming tian,团结起来到明天,Shanghai Film Studio,Shanghai (state),TRUE
sheng li chong feng,胜利重逢,Shanghai Film Studio,Shanghai (state),TRUE
shang rao ji zhong ying,上饶集中营,Shanghai Film Studio,Shanghai (state),TRUE
hai shang feng bao,海上风暴,Shanghai Film Studio,Shanghai (state),TRUE
cui gang hong qi,翠岗红旗,Shanghai Film Studio,Shanghai (state),TRUE
liang jia chun,两家春,Changjiang Film Studio,Shanghai (private),
hong lou er you,红楼二尤,Guotai Film Company,Shanghai (private),
wo men fu fu zhi jian,我们夫妇之间,Kunlun Film Company,Shanghai (private),
jie jie mei mei zhan qi lai,姐姐妹妹站起来,Wenhua Film Company,Shanghai (private),
guan lian zhang,关连长,Wenhua Film Company,Shanghai (private),
cai feng shuang fei,彩凤双飞,Datong Film Company,Shanghai (private),
you yi jia ren jia,有一家人家,Wenhua Film Company,Shanghai (private),
pu tao shu le de shi hou,葡萄熟了的时候,Northeast Film Studio,Northeast,TRUE
liu hao men,六号门,Northeast Film Studio,Northeast,TRUE
yi guan hai ren dao,一贯害人道,Beijing Film Studio,Beijing,TRUE
long xu gou,龙须沟,Beijing Film Studio,Beijing,TRUE
nan zheng bei zhan,南征北战,Shanghai Film Studio,Shanghai (state),TRUE
mei guo zhi chuang,美国之窗,Wenhua Film Company,Shanghai (private),
fang zhen zhu,方珍珠,Da Guangming Film Company,Shanghai (private),
lao dong hua kai,劳动花开,Changjiang-Kunlun Associated Film Studio,Shanghai (private),
feng shou,丰收,Northeast Film Studio,Northeast,FALSE
cao yuan shang de ren men,草原上的人们,Northeast Film Studio,Northeast,TRUE
jie hun,结婚,Northeast Film Studio,Northeast,
xiao gu xian,小姑贤,Northeast Film Studio,Northeast,TRUE
zhi qu hua shan,智取华山,Beijing Film Studio,Beijing,TRUE
zhao xiao lan,赵小兰,Beijing Film Studio,Beijing,TRUE
jin yin tan,金银滩,Shanghai Film Studio,Shanghai (state),TRUE
fang hua qu,纺花曲,Changjiang-Kunlun Associated Film Studio,Shanghai (private),
wei hai zi men zhu fu,为孩子们祝福,Changjiang-Kunlun Associated Film Studio,Shanghai (private),
tai yang zhao liang le hong shi gou,太阳照亮了红石沟,Wenhua Film Company,Shanghai (private),
ying xiong si ji,英雄司机,Northeast Film Studio,Northeast,TRUE
chun feng chui dao nuo min he,春风吹到诺敏河,Northeast Film Studio,Northeast,TRUE
sha jia dian liang zhan,沙家店粮站,Northeast Film Studio,Northeast,TRUE
tu di,土地,Northeast Film Studio,Northeast,TRUE
wu qiong de qian li,无穷的潜力,Northeast Film Studio,Northeast,TRUE
ren wang gao chu zou,人往高处走,Northeast Film Studio,Northeast,
yu zhou feng,宇宙锋,Northeast Film Studio,Northeast,TRUE
shi yu zhuo,拾玉镯,Northeast Film Studio,Northeast,TRUE
xiao bai tu,小白兔,Beijing Film Studio,Beijing,TRUE
yi jian ti an,一件提案,Beijing Film Studio,Beijing,TRUE
ji mao xin,鸡毛信,Shanghai Film Studio,Shanghai (state),TRUE
zhan duan mo zhua,斩断魔爪,Shanghai Film Studio,Shanghai (state),TRUE
san nian,三年,Shanghai Film Studio,Shanghai (state),
wei da de qi dian,伟大的起点,Shanghai Film Studio,Shanghai (state),TRUE
du jiang zhen cha ji,渡江侦察记,Shanghai Film Studio,Shanghai (state),TRUE
huai shang ren jia,淮上人家,Shanghai Film Studio,Shanghai (state),TRUE
shan jian ling xiang ma bang lai,山间铃响马帮来,Shanghai Film Studio,Shanghai (state),TRUE
yi chang feng bo,一场风波,Shanghai Film Studio,Shanghai (state),TRUE
bu neng zou na tiao lu,不能走那条路,Shanghai Film Studio,Shanghai (state),TRUE
fu nv dai biao,妇女代表,Shanghai Film Studio,Shanghai (state),TRUE
liang shan bo yu zhu ying tai,梁山伯与祝英台,Shanghai Film Studio,Shanghai (state),TRUE
shuang tui mo,双推磨,Shanghai Film Studio,Shanghai (state),TRUE
lan qiao hui,蓝桥会,Shanghai Film Studio,Shanghai (state),FALSE
chuan ju ji jin,川剧集锦,Central Newsreel and Documentary Film Studio,Beijing,
zu guo de hua duo,祖国的花朵,Changchun Film Studio,Northeast,TRUE
meng he de li ming,猛河的黎明,Changchun Film Studio,Northeast,TRUE
xia tian de gu shi,夏天的故事,Changchun Film Studio,Northeast,TRUE
shen mi de lv ban,神秘的旅伴,Changchun Film Studio,Northeast,TRUE
ping yuan you ji dui,平原游击队,Changchun Film Studio,Northeast,TRUE
luo xiao lin de jue xin,罗小林的决心,Changchun Film Studio,Northeast,TRUE
dong cun rui,董存瑞,Changchun Film Studio,Northeast,TRUE
nu hai qing qi,怒海轻骑,Changchun Film Studio,Northeast,
qin xiang lian,秦香莲,Changchun Film Studio,Northeast,
da jin zhi,打金枝,Changchun Film Studio,Northeast,TRUE
mei lan fang de wu tai yi shu (shang ji),梅兰芳的舞台艺术（上集）,Beijing Film Studio,Beijing,TRUE
ha sen yu jia mi la,哈森与加米拉,Shanghai Film Studio,Shanghai (state),FALSE
tian luo di wang,天罗地网,Shanghai Film Studio,Shanghai (state),TRUE
shui xiang de chun tian,水乡的春天,Shanghai Film Studio,Shanghai (state),TRUE
qing chun de yuan di,青春的园地,Shanghai Film Studio,Shanghai (state),TRUE
hu shang de dou zheng,湖上的斗争,Shanghai Film Studio,Shanghai (state),TRUE
min jiang ju zi hong,闽江橘子红,Shanghai Film Studio,Shanghai (state),TRUE
nan dao feng yun,南岛风云,Shanghai Film Studio,Shanghai (state),TRUE
song jing shi,宋景诗,Shanghai Film Studio,Shanghai (state),TRUE
shang jin shan,上金山,Shanghai Film Studio,Shanghai (state),TRUE
guang chang za ji biao yan,广场杂技表演,Shanghai Film Studio,Shanghai (state),TRUE
lian yin,炼印,Shanghai Film Studio,Shanghai (state),TRUE
tian xian pei,天仙配,Shanghai Film Studio,Shanghai (state),TRUE
jiao yin,脚印,August First Film Studio,Beijing,TRUE
huang he da he chang,黄河大合唱,Central Newsreel and Documentary Film Studio,Beijing,
hu xue zhui zong,虎穴追踪,Changchun Film Studio,Northeast,TRUE
pu bu mie de huo yan,扑不灭的火焰,Changchun Film Studio,Northeast,TRUE
xin ju zhang dao lai zhi qian,新局长到来之前,Changchun Film Studio,Northeast,TRUE
ma lan hua kai,马兰花开,Changchun Film Studio,Northeast,TRUE
ge ge he mei mei,哥哥和妹妹,Changchun Film Studio,Northeast,TRUE
ma,马,Changchun Film Studio,Northeast,TRUE
guan bu zhu,关不住,Changchun Film Studio,Northeast,
ma ma yao wo chu jia,妈妈要我出嫁,Changchun Film Studio,Northeast,TRUE
pi bao,皮包,Changchun Film Studio,Northeast,TRUE
bu ju xiao jie de ren,不拘小节的人,Changchun Film Studio,Northeast,TRUE
ru ci duo qing,如此多情,Changchun Film Studio,Northeast,TRUE
guo qing shi dian zhong,国庆十点钟,Changchun Film Studio,Northeast,TRUE
shang gan ling,上甘岭,Changchun Film Studio,Northeast,TRUE
liu qiao er,刘巧儿,Changchun Film Studio,Northeast,TRUE
hua mu lan,花木兰,Changchun Film Studio,Northeast,TRUE
mei lan fang de wu tai yi shu (xia ji),梅兰芳的舞台艺术（下集）,Beijing Film Studio,Beijing,TRUE
luo shen,洛神,Beijing Film Studio,Beijing,TRUE
huang shan lei,荒山泪,Beijing Film Studio,Beijing,TRUE
zhu fu,祝福,Beijing Film Studio,Beijing,TRUE
wei le he ping,为了和平,Shanghai Film Studio,Shanghai (state),TRUE
chun tian lai le,春天来了,Shanghai Film Studio,Shanghai (state),TRUE
qiu weng yu xian ji,秋翁遇仙记,Shanghai Film Studio,Shanghai (state),TRUE
xiao bai qi de feng bo,小白旗的风波,Shanghai Film Studio,Shanghai (state),TRUE
shei shi xiong shou,谁是凶手,Shanghai Film Studio,Shanghai (state),TRUE
mu qin,母亲,Shanghai Film Studio,Shanghai (state),TRUE
luo shui ji,落水记,Shanghai Film Studio,Shanghai (state),TRUE
xiao huo ban,小伙伴,Shanghai Film Studio,Shanghai (state),TRUE
li shi zhen,李时珍,Shanghai Film Studio,Shanghai (state),TRUE
liang ge xiao zu qiu dui,两个小足球队,Shanghai Film Studio,Shanghai (state),TRUE
tie dao you ji dui,铁道游击队,Shanghai Film Studio,Shanghai (state),TRUE
jia,家,Shanghai Film Studio,Shanghai (state),TRUE
sha mo li de zhan dou,沙漠里的战斗,Shanghai Film Studio,Shanghai (state),TRUE
sou shu yuan,搜书院,Shanghai Film Studio,Shanghai (state),TRUE
shi wu guan,十五贯,Shanghai Film Studio,Shanghai (state),TRUE
song shi jie,宋士杰,Shanghai Film Studio,Shanghai (state),TRUE
an tang xiang hui,庵堂相会,Shanghai Film Studio,Shanghai (state),TRUE
zhou xin fang de yi shu sheng huo,周信芳的艺术生活,Shanghai Film Studio,Shanghai (state),
an tang ren mu,庵堂认母,Shanghai Film Studio,Shanghai (state),TRUE
ge ma,葛麻,Shanghai Film Studio,Shanghai (state),
chong po li ming qian de hei an,冲破黎明前的黑暗,August First Film Studio,Beijing,FALSE
zhei jue bu shi xiao shi qing,这决不是小事情,August First Film Studio,Beijing,TRUE
you yuan jing meng (1956),游园惊梦,Central Newsreel and Documentary Film Studio,Beijing,TRUE
huang hua ling,黄花岭,Central Newsreel and Documentary Film Studio,Beijing,
bao feng zhong de xiong ying,暴风中的雄鹰,Changchun Film Studio,Northeast,TRUE
ji jing de shan lin,寂静的山林,Changchun Film Studio,Northeast,TRUE
wei wan cheng de xi ju,未完成的喜剧,Changchun Film Studio,Northeast,FALSE
fu shi (1957),复试,Changchun Film Studio,Northeast,TRUE
qing chun de jiao bu,青春的脚步,Changchun Film Studio,Northeast,TRUE
xun ai ji,寻爱记,Changchun Film Studio,Northeast,TRUE
di xia jian bing,地下尖兵,Changchun Film Studio,Northeast,TRUE
lu sheng lian ge,芦笙恋歌,Changchun Film Studio,Northeast,TRUE
bian zhai feng huo,边寨烽火,Changchun Film Studio,Northeast,TRUE
mu nv jiao shi,母女教师,Changchun Film Studio,Northeast,TRUE
mu ren zhi zi,牧人之子,Changchun Film Studio,Northeast,TRUE
li er sao gai jia,李二嫂改嫁,Changchun Film Studio,Northeast,
hu die bei,蝴蝶杯,Changchun Film Studio,Northeast,TRUE
jie nian,借年,Changchun Film Studio,Northeast,
qun ying hui,群英会,Beijing Film Studio,Beijing,TRUE
jie dong feng,借东风,Beijing Film Studio,Beijing,TRUE
du shi niang,杜十娘,Beijing Film Studio,Beijing,TRUE
yan dang shan,雁荡山,Beijing Film Studio,Beijing,
yang cheng an shao,羊城暗哨,Haiyan Film Studio,Shanghai (state),TRUE
dong xiao heng chui,洞箫横吹,Haiyan Film Studio,Shanghai (state),TRUE
qiu chang feng bo,球场风波,Haiyan Film Studio,Shanghai (state),TRUE
hai hun,海魂,Haiyan Film Studio,Shanghai (state),TRUE
mu tong tou jun,牧童投军,Haiyan Film Studio,Shanghai (state),TRUE
ye lin qu,椰林曲,Tianma Film Studio,Shanghai (state),TRUE
qing chang yi shen,情长谊深,Tianma Film Studio,Shanghai (state),TRUE
nv lan 5 hao,女篮5号,Tianma Film Studio,Shanghai (state),TRUE
wu hai ye hang,雾海夜航,Tianma Film Studio,Shanghai (state),TRUE
xing fu,幸福,Tianma Film Studio,Shanghai (state),
bai yue ji,拜月记,Tianma Film Studio,Shanghai (state),
chen san wu niang,陈三五娘,Tianma Film Studio,Shanghai (state),TRUE
luo han qian,罗汉钱,Jiangnan Film Studio,Shanghai (state),TRUE
a fu xun bao ji,阿福寻宝记,Jiangnan Film Studio,Shanghai (state),TRUE
feng huang zhi ge,凤凰之歌,Jiangnan Film Studio,Shanghai (state),TRUE
hu shi ri ji,护士日记,Jiangnan Film Studio,Shanghai (state),TRUE
cheng feng po lang,乘风破浪,Jiangnan Film Studio,Shanghai (state),TRUE
bu ye cheng,不夜城,Jiangnan Film Studio,Shanghai (state),FALSE
zhan dou li cheng zhang,战斗里成长,August First Film Studio,Beijing,TRUE
shui,水,August First Film Studio,Beijing,TRUE
liu bao de gu shi,柳堡的故事,August First Film Studio,Beijing,TRUE
wu geng han,五更寒,August First Film Studio,Beijing,TRUE
ji zhan qian ye,激战前夜,August First Film Studio,Beijing,TRUE
chuan shan ju long,穿山巨龙,Studio of Beijing Film Academy,Beijing,
da mu jiang,大木匠,Studio of Beijing Film Academy,Beijing,
hua hao yue yuan,花好月圆,Changchun Film Studio,Northeast,TRUE
min bing de er zi,民兵的儿子,Changchun Film Studio,Northeast,
hong hai zi,红孩子,Changchun Film Studio,Northeast,TRUE
shui ku shang de ge sheng,水库上的歌声,Changchun Film Studio,Northeast,
dang de nv er,党的女儿,Changchun Film Studio,Northeast,TRUE
xu qiu ying an jian,徐秋影案件,Changchun Film Studio,Northeast,TRUE
xuan ya,悬崖,Changchun Film Studio,Northeast,TRUE
gu cha zhong sheng,古刹钟声,Changchun Film Studio,Northeast,TRUE
ta ai shang le gu xiang,她爱上了故乡,Changchun Film Studio,Northeast,
gong di qing nian,工地青年,Changchun Film Studio,Northeast,TRUE
nv she zhang,女社长,Changchun Film Studio,Northeast,TRUE
li ming de he bian,黎明的河边,Changchun Film Studio,Northeast,TRUE
dong feng,东风,Changchun Film Studio,Northeast,
xin lian xin,心连心,Changchun Film Studio,Northeast,TRUE
huan nan zhi jiao,患难之交,Changchun Film Studio,Northeast,TRUE
san nian zao zhi dao,三年早知道,Changchun Film Studio,Northeast,TRUE
bing jian qian jin,并肩前进,Changchun Film Studio,Northeast,TRUE
bai shou qi jia,白手起家,Changchun Film Studio,Northeast,TRUE
hua zhong ren,画中人,Changchun Film Studio,Northeast,FALSE
lie bing deng zhi gao,列兵邓志高,Changchun Film Studio,Northeast,
xin de yi ke,新的一课,Changchun Film Studio,Northeast,
fu wu yuan,服务员,Changchun Film Studio,Northeast,TRUE
shuai qi piao piao,帅旗飘飘,Changchun Film Studio,Northeast,
chun shui chang liu,春水长流,Changchun Film Studio,Northeast,TRUE
shang ba de gu shi,伤疤的故事,Changchun Film Studio,Northeast,
hong ling jin de gu shi,红领巾的故事,Changchun Film Studio,Northeast,TRUE
tian xia wu nan shi,天下无难事,Changchun Film Studio,Northeast,
chun lei (1958),春雷,Changchun Film Studio,Northeast,TRUE
bao shan zhi ge,宝山之歌,Changchun Film Studio,Northeast,TRUE
huo yan ju,火焰驹,Changchun Film Studio,Northeast,TRUE
shang hai gu niang,上海姑娘,Beijing Film Studio,Beijing,TRUE
sheng huo de lang hua,生活的浪花,Beijing Film Studio,Beijing,TRUE
tan qin ji,探亲记,Beijing Film Studio,Beijing,TRUE
shi san ling shui ku chang xiang qu,十三陵水库畅想曲,Beijing Film Studio,Beijing,TRUE
shan li de ren,山里的人,Beijing Film Studio,Beijing,TRUE
yi tian yi ye,一天一夜,Beijing Film Studio,Beijing,TRUE
ping fan de shi ye,平凡的事业,Haiyan Film Studio,Shanghai (state),
ye zou luo tuo ling,夜走骆驼岭,Haiyan Film Studio,Shanghai (state),
shen shan li de ju hua,深山里的菊花,Haiyan Film Studio,Shanghai (state),
xiao kang ren jia,小康人家,Haiyan Film Studio,Shanghai (state),
zhan dou de shan cun,战斗的山村,Haiyan Film Studio,Shanghai (state),
cui gu zhong sheng,翠谷钟声,Haiyan Film Studio,Shanghai (state),
cong ming de ren,聪明的人,Haiyan Film Studio,Shanghai (state),
shei shi bei pao qi de ren,谁是被抛弃的人,Haiyan Film Studio,Shanghai (state),TRUE
di san ci shi yan,第三次试验,Haiyan Film Studio,Shanghai (state),TRUE
gang ren tie ma,钢人铁马,Haiyan Film Studio,Shanghai (state),
ju lang,巨浪,Haiyan Film Studio,Shanghai (state),
you chuan huo yan,油船火焰,Haiyan Film Studio,Shanghai (state),
dian xing bao gao,典型报告,Haiyan Film Studio,Shanghai (state),
chang qing shu,常青树,Haiyan Film Studio,Shanghai (state),
wang jiang ting,望江亭,Haiyan Film Studio,Shanghai (state),TRUE
xia xiang yu gan jiao,下乡与赶脚,Haiyan Film Studio,Shanghai (state),
lan lan he dong dong,兰兰和冬冬,Tianma Film Studio,Shanghai (state),FALSE
san mao xue sheng yi,三毛学生意,Tianma Film Studio,Shanghai (state),TRUE
tie chuang lie huo,铁窗烈火,Tianma Film Studio,Shanghai (state),
da yue jin zhong de xiao zhu ren,大跃进中的小主人,Tianma Film Studio,Shanghai (state),
qian fang lai xin,前方来信,Tianma Film Studio,Shanghai (state),
bu gu niao you jiao le,布谷鸟又叫了,Tianma Film Studio,Shanghai (state),
qian nv nao hai,千女闹海,Tianma Film Studio,Shanghai (state),
da feng lang li de xiao gu shi,大风浪里的小故事,Tianma Film Studio,Shanghai (state),TRUE
huang bao mei,黄宝妹,Tianma Film Studio,Shanghai (state),
20 tian ge ge ming,20天革个命,Tianma Film Studio,Shanghai (state),
ying xiong gan pai ke,英雄赶派克,Tianma Film Studio,Shanghai (state),
zhong yao de yi ke,重要的一课,Tianma Film Studio,Shanghai (state),
liang ge ying ye yuan,两个营业员,Tianma Film Studio,Shanghai (state),
gang hua bian di kai,钢花遍地开,Tianma Film Studio,Shanghai (state),
ni zhui wo gan,你追我赶,Tianma Film Studio,Shanghai (state),
hai shang hong qi,海上红旗,Tianma Film Studio,Shanghai (state),
xin an jiang shang,新安江上,Tianma Film Studio,Shanghai (state),
zhen zhu ji,珍珠记,Tianma Film Studio,Shanghai (state),
liu jie mei,刘介梅,Tianma Film Studio,Shanghai (state),
lin chong,林冲,Jiangnan Film Studio,Shanghai (state),TRUE
liang ge xun luo bing,两个巡逻兵,Jiangnan Film Studio,Shanghai (state),TRUE
miao jia er nv,苗家儿女,Jiangnan Film Studio,Shanghai (state),TRUE
wu ming ying xiong,无名英雄,Jiangnan Film Studio,Shanghai (state),
lu ban de chuan shuo,鲁班的传说,Jiangnan Film Studio,Shanghai (state),TRUE
san ba he bian,三八河边,Jiangnan Film Studio,Shanghai (state),
ai chang ru jia,爱厂如家,Jiangnan Film Studio,Shanghai (state),TRUE
di yi lie kuai che,第一列快车,Jiangnan Film Studio,Shanghai (state),TRUE
xiao fang zhi ge,消防之歌,Jiangnan Film Studio,Shanghai (state),
wo long hu,卧龙湖,Jiangnan Film Studio,Shanghai (state),
tie shu hua kai,铁树花开,Jiangnan Film Studio,Shanghai (state),
gang cheng hu jiang,钢城虎将,Jiangnan Film Studio,Shanghai (state),
re lang ben teng,热浪奔腾,Jiangnan Film Studio,Shanghai (state),
mu gui ying gua shuai (1958),穆桂英挂帅,Jiangnan Film Studio,Shanghai (state),TRUE
qing tan,情探,Jiangnan Film Studio,Shanghai (state),TRUE
san ge zhan you,三个战友,August First Film Studio,Beijing,TRUE
hei shan zu ji zhan,黑山阻击战,August First Film Studio,Beijing,TRUE
chang kong bi yi,长空比翼,August First Film Studio,Beijing,TRUE
hong xia,红霞,August First Film Studio,Beijing,TRUE
ying xiong hu dan,英雄虎胆,August First Film Studio,Beijing,TRUE
du jiang tan xian,渡江探险,August First Film Studio,Beijing,TRUE
yi ri qian li,一日千里,August First Film Studio,Beijing,TRUE
yong bu xiao shi de dian bo,永不消逝的电波,August First Film Studio,Beijing,TRUE
po chu mi xin,破除迷信,August First Film Studio,Beijing,
fan lao huan tong,返老还童,August First Film Studio,Beijing,TRUE
jin ling zhuan,金铃传,August First Film Studio,Beijing,TRUE
hai kuo tian kong,海阔天空,August First Film Studio,Beijing,TRUE
lang ya shan wu zhuang shi,狼牙山五壮士,August First Film Studio,Beijing,TRUE
xian wei shu ji,县委书记,August First Film Studio,Beijing,
yang guan da dao,阳关大道,August First Film Studio,Beijing,
jie ban ren,接班人,Pearl River Film Studio,Canton,
chuan chang zhui zong,船厂追踪,Changchun Film Studio,Northeast,
gang zhu fei che,钢珠飞车,Changchun Film Studio,Northeast,TRUE
kang zhuang da dao,康庄大道,Changchun Film Studio,Northeast,TRUE
wo men cun li de nian qing ren (shang ji),我们村里的年轻人（上集）,Changchun Film Studio,Northeast,TRUE
xi cheng de gu shi,锡城的故事,Changchun Film Studio,Northeast,TRUE
xiao zhu yan kai,笑逐颜开,Changchun Film Studio & Harbin Film Studio,Northeast,TRUE
shi hang,试航,Changchun Film Studio,Northeast,
bing shang jie mei,冰上姐妹,Changchun Film Studio,Northeast,TRUE
jie qin pei,借亲配,Changchun Film Studio,Northeast,
wu duo jin hua,五朵金花,Changchun Film Studio,Northeast,TRUE
zhao xia,朝霞,Changchun Film Studio,Northeast,
yun wu shan zhong,云雾山中,Changchun Film Studio,Northeast,TRUE
qing yun qu,青云曲,Changchun Film Studio,Northeast,
san kan hu die meng,三勘蝴蝶梦,Changchun Film Studio,Northeast,
hai shang shen ying,海上神鹰,Changchun Film Studio,Northeast,TRUE
dou e yuan,窦娥冤,Changchun Film Studio,Northeast,
jin yu ji,金玉姬,Changchun Film Studio,Northeast,
huan le ren jian,换了人间,Changchun Film Studio,Northeast,TRUE
zhan huo zhong de qing chun,战火中的青春,Changchun Film Studio,Northeast,TRUE
liu shui huan ge,流水欢歌,Changchun Film Studio,Northeast,
qian shao,前哨,Changchun Film Studio,Northeast,TRUE
chen san liang,陈三两,Changchun Film Studio,Northeast,
shuai jing jia,摔镜架,Changchun Film Studio,Northeast,
lin jia pu zi,林家铺子,Beijing Film Studio,Beijing,TRUE
wu ming dao,无名岛,Beijing Film Studio,Beijing,TRUE
kuang deng,矿灯,Beijing Film Studio,Beijing,TRUE
fei yue tian xian,飞越天险,Beijing Film Studio,Beijing,TRUE
feng bao,风暴,Beijing Film Studio,Beijing,TRUE
qing chun zhi ge,青春之歌,Beijing Film Studio,Beijing,TRUE
huan tian xi di (1959),欢天喜地,Beijing Film Studio,Beijing,TRUE
shui shang chun qiu,水上春秋,Beijing Film Studio,Beijing,TRUE
liang shi,粮食,Beijing Film Studio,Beijing,TRUE
bai feng chao yang,百凤朝阳,Beijing Film Studio,Beijing,TRUE
san ge mu qin,三个母亲,Haiyan Film Studio,Shanghai (state),TRUE
hao hai zi,好孩子,Haiyan Film Studio,Shanghai (state),
nie er,聂耳,Haiyan Film Studio,Shanghai (state),TRUE
huang pu jiang de gu shi,黄浦江的故事,Haiyan Film Studio,Shanghai (state),FALSE
jin tian wo xiu xi,今天我休息,Haiyan Film Studio,Shanghai (state),TRUE
wan zi qian hong zong shi chun,万紫千红总是春,Haiyan Film Studio,Shanghai (state),
xiang hai yang,向海洋,Haiyan Film Studio,Shanghai (state),
qiao lao ye shang jiao,乔老爷上轿,Haiyan Film Studio,Shanghai (state),TRUE
lin ze xu,林则徐,Haiyan Film Studio,Shanghai (state),FALSE
lao bing xin zhuan,老兵新传,Haiyan Film Studio,Shanghai (state),FALSE
bai sui gua shuai,百岁挂帅,Haiyan Film Studio,Shanghai (state),TRUE
gang tie shi jia,钢铁世家,Tianma Film Studio,Shanghai (state),
chun man ren jian,春满人间,Tianma Film Studio,Shanghai (state),TRUE
sha mo zhui fei ji,沙漠追匪记,Tianma Film Studio,Shanghai (state),TRUE
di xia shao xian dui,地下少先队,Tianma Film Studio,Shanghai (state),
xiang piao wan li,香飘万里,Tianma Film Studio,Shanghai (state),
di xia hang xian,地下航线,Tianma Film Studio,Shanghai (state),TRUE
chun feng yang liu,春风杨柳,Tianma Film Studio,Shanghai (state),
bao lian deng,宝莲灯,Tianma Film Studio,Shanghai (state),TRUE
zhui yu,追鱼,Tianma Film Studio,Shanghai (state),TRUE
xing xing zhi huo,星星之火,Tianma Film Studio,Shanghai (state),
jie ri ge wu,节日歌舞,Tianma Film Studio,Shanghai (state),
bu lao song,不老松,Jiangnan Film Studio,Shanghai (state),
hui min zhi dui,回民支队,August First Film Studio,Beijing,TRUE
jiang shan duo jiao,江山多娇,August First Film Studio,Beijing,TRUE
hai ying,海鹰,August First Film Studio,Beijing,TRUE
wan shui qian shan,万水千山,August First Film Studio,Beijing,TRUE
lie huo zhen jin,烈火真金,August First Film Studio,Beijing,
wu duo hong yun,五朵红云,August First Film Studio,Beijing,TRUE
ying xiong dao,英雄岛,August First Film Studio,Beijing,TRUE
chi feng hao,赤峰号,August First Film Studio,Beijing,TRUE
you yi,友谊,August First Film Studio,Beijing,TRUE
zhan shang hai,战上海,August First Film Studio,Beijing,TRUE
mu gui ying gua shuai (1959),穆桂英挂帅,Central Newsreel and Documentary Film Studio,Beijing,
yu dao zhi zi,渔岛之子,Pearl River Film Studio,Canton,TRUE
xue hai yin shan,雪海银山,Xi'an Film Studio,Xi'an,TRUE
tian shan ge sheng,天山歌声,Xi'an Film Studio,Xi'an,FALSE
xian hua duo duo kai,鲜花朵朵开,Xi'an Film Studio,Xi'an,
huan hun ji,还魂记,Changchun Film Studio,Northeast,TRUE
hong yan,鸿雁,Changchun Film Studio,Northeast,
tai yang gang gang chu shan,太阳刚刚出山,Changchun Film Studio,Northeast,TRUE
tuan yuan zhi hou,团圆之后,Changchun Film Studio,Northeast,
zai sheng ji,再生记,Changchun Film Studio,Northeast,TRUE
tie dao wei shi,铁道卫士,Changchun Film Studio,Northeast,TRUE
feng huo lie che,烽火列车,Changchun Film Studio,Northeast,TRUE
shen yang shou,神秧手,Changchun Film Studio,Northeast,TRUE
shi ji lang,十级浪,Changchun Film Studio,Northeast,
pan yang song,潘杨讼,Changchun Film Studio,Northeast,
liu san jie,刘三姐,Changchun Film Studio,Northeast,TRUE
qiang di song,羌笛颂,Changchun Film Studio,Northeast,TRUE
dong feng di yi zhi,东风第一枝,Changchun Film Studio,Northeast,
kong yin he,空印盒,Changchun Film Studio,Northeast,
wo men shi yi dai ren,我们是一代人,Changchun Film Studio,Northeast,TRUE
you yuan jing meng (1960),游园惊梦(1960),Beijing Film Studio,Beijing,TRUE
wei le liu shi yi ge jie ji di xiong,为了六十一个阶级弟兄,Beijing Film Studio,Beijing,TRUE
yang men nv jiang,杨门女将,Beijing Film Studio,Beijing,TRUE
wu cai lu,五彩路,Beijing Film Studio,Beijing,TRUE
yi ge ming de ming yi,以革命的名义,Beijing Film Studio,Beijing,TRUE
hong hua bian di kai,红花遍地开,Beijing Film Studio,Beijing,TRUE
chun nuan hua kai,春暖花开,Beijing Film Studio,Beijing,TRUE
geng yun bo yu,耕云播雨,Beijing Film Studio,Beijing,TRUE
ge ming jia ting,革命家庭,Beijing Film Studio,Beijing,TRUE
liu shi nian dai di yi chun,六十年代第一春,Haiyan Film Studio & Tianma Film Studio,Shanghai (state),
chuang guan,闯关,Haiyan Film Studio,Shanghai (state),
ji liu,激流,Haiyan Film Studio,Shanghai (state),TRUE
mian dian wen hua dai biao tuan fang hua yan chu,缅甸文化代表团访华演出,Haiyan Film Studio,Shanghai (state),TRUE
mo ya dai,摩雅傣,Haiyan Film Studio,Shanghai (state),TRUE
ma lan hua,马兰花,Haiyan Film Studio,Shanghai (state),TRUE
qin niang mei,秦娘美,Haiyan Film Studio,Shanghai (state),TRUE
nv shen,女审,Haiyan Film Studio,Shanghai (state),TRUE
ta men de xin yuan,她们的心愿,Tianma Film Studio,Shanghai (state),
feng liu ren wu shu jin zhao,风流人物数今朝,Tianma Film Studio & Haiyan Film Studio,Shanghai (state),
xiang yang hua kai,向阳花开,Tianma Film Studio,Shanghai (state),TRUE
dou shi ting,斗诗亭,Tianma Film Studio,Shanghai (state),TRUE
sun wu kong san da bai gu jing,孙悟空三打白骨精,Tianma Film Studio,Shanghai (state),TRUE
hong ying zhan chi,红鹰展翅,August First Film Studio,Beijing,TRUE
shi er ci lie che,十二次列车,August First Film Studio,Beijing,TRUE
san ba xian shang,三八线上,August First Film Studio,Beijing,TRUE
ke shan hong ri,柯山红日,August First Film Studio,Beijing,TRUE
lin hai xue yuan,林海雪原,August First Film Studio,Beijing,TRUE
hong ying,红鹰,August First Film Studio,Beijing,TRUE
meng long sha,勐垅沙,August First Film Studio,Beijing,TRUE
qi xi,奇袭,August First Film Studio,Beijing,TRUE
ying xiong shi pian,英雄诗篇,Pearl River Film Studio,Canton,TRUE
xin dui yuan,新队员,Pearl River Film Studio,Canton,TRUE
hui yan dan xin,慧眼丹心,Pearl River Film Studio,Canton,
bi kong yin hua,碧空银花,Xi'an Film Studio,Xi'an,TRUE
yong heng de you yi,永恒的友谊,Xi'an Film Studio,Xi'an,TRUE
kang han qu,抗旱曲,Xi'an Film Studio,Xi'an,FALSE
san di xue,三滴血,Xi'an Film Studio,Xi'an,TRUE
yi wen qian,一文钱,Xi'an Film Studio,Xi'an,TRUE
fu zi lia,父子俩,Studio of Beijing Film Academy,Beijing,
ma xi tuan de xin jie mu,马戏团的新节目,Changchun Film Studio,Northeast,TRUE
wan mu chun,万木春,Changchun Film Studio,Northeast,TRUE
jian shui dong liu,涧水东流,Changchun Film Studio,Northeast,
dong mei,冬梅,Changchun Film Studio,Northeast,TRUE
shu jia de li wu,暑假的礼物,Changchun Film Studio,Northeast,TRUE
bao feng zhou yu,暴风骤雨,Beijing Film Studio,Beijing,TRUE
chun lei (1961),春雷,Beijing Film Studio,Beijing,
bei da huang ren,北大荒人,Beijing Film Studio,Beijing,TRUE
51 hao bing zhan,51号兵站,Haiyan Film Studio,Shanghai (state),TRUE
ku mu feng chun,枯木逢春,Haiyan Film Studio,Shanghai (state),FALSE
man luo hua,蔓萝花,Haiyan Film Studio,Shanghai (state),TRUE
chun cui tao li,春催桃李,Haiyan Film Studio,Shanghai (state),TRUE
hong se niang zi jun,红色娘子军,Tianma Film Studio,Shanghai (state),TRUE
ying xiong xiao ba lu,英雄小八路,Tianma Film Studio,Shanghai (state),TRUE
xiao dao hui,小刀会,Tianma Film Studio,Shanghai (state),TRUE
tu po wu jiang,突破乌江,August First Film Studio,Beijing,TRUE
bi kong xiong shi,碧空雄师,August First Film Studio,Beijing,
hong shan hu,红珊瑚,August First Film Studio,Beijing,TRUE
li jing ji,荔镜记,Pearl River Film Studio,Canton,
ba shan hong lang,巴山红浪,Xi'an Film Studio,Xi'an,FALSE
yan an you ji dui,延安游击队,Xi'an Film Studio,Xi'an,TRUE
san guan pai yan,三关排宴,Changchun Film Studio,Northeast,FALSE
liu yi chuan shu,柳毅传书,Changchun Film Studio,Northeast,TRUE
jia wu feng yun,甲午风云,Changchun Film Studio,Northeast,TRUE
lu huo zheng hong,炉火正红,Changchun Film Studio,Northeast,TRUE
hua er duo duo,花儿朵朵,Beijing Film Studio,Beijing,TRUE
kun lun shan shang yi ke cao,昆仑山上一棵草,Beijing Film Studio,Beijing,TRUE
ting zhan yi hou,停战以后,Beijing Film Studio,Beijing,TRUE
jin shang tian hua,锦上添花,Beijing Film Studio,Beijing,TRUE
sun an dong ben,孙安动本,Haiyan Film Studio,Shanghai (state),TRUE
li shuang shuang,李双双,Haiyan Film Studio,Shanghai (state),TRUE
mo shu shi de qi yu,魔术师的奇遇,Tianma Film Studio,Shanghai (state),TRUE
nv li fa shi,女理发师,Tianma Film Studio,Shanghai (state),TRUE
liao yuan,燎原,Tianma Film Studio,Shanghai (state),FALSE
da li 、 xiao li he lao li,大李、小李和老李,Tianma Film Studio,Shanghai (state),TRUE
dong jin xu qu,东进序曲,August First Film Studio,Beijing,TRUE
ge lia hao,哥俩好,August First Film Studio,Beijing,TRUE
huai shu zhuang,槐树庄,August First Film Studio,Beijing,TRUE
di lei zhan,地雷战,August First Film Studio,Beijing,TRUE
e er duo si feng bao,鄂尔多斯风暴,August First Film Studio,Beijing,TRUE
bi hai dan xin,碧海丹心,August First Film Studio,Beijing,TRUE
ying xiong tan ke shou,英雄坦克手,August First Film Studio,Beijing,TRUE
han jiang hua si jin,韩江花似锦,Pearl River Film Studio,Canton,TRUE
nan hai chao,南海潮,Pearl River Film Studio,Canton,TRUE
qi wang qiu jiang,齐王求将,Pearl River Film Studio & Hong Kong Hongtu Film Company,Canton,TRUE
hong ye ti shi,红叶题诗,Pearl River Film Studio & Hong Kong Hongtu Film Company,Canton,
sheng ming de huo hua,生命的火花,Xi'an Film Studio,Xi'an,FALSE
shang xiao yun wu tai yi shu,尚小云舞台艺术,Xi'an Film Studio,Xi'an,TRUE
bing shan shang de lai ke,冰山上的来客,Changchun Film Studio,Northeast,TRUE
hua wei mei,花为媒,Changchun Film Studio,Northeast,TRUE
zi you hou lai ren,自有后来人,Changchun Film Studio,Northeast,TRUE
chao yang gou,朝阳沟,Changchun Film Studio,Northeast,TRUE
wo men cun li de nian qing ren (xu ji),我们村里的年轻人（续集）,Changchun Film Studio,Northeast,TRUE
man yi bu man yi,满意不满意,Changchun Film Studio,Northeast,FALSE
liang jia ren,两家人,Changchun Film Studio,Northeast,TRUE
qiang tou ma shang,墙头马上,Changchun Film Studio,Northeast,TRUE
bing xue jin da lai,冰雪金达莱,Changchun Film Studio,Northeast,TRUE
fen shui chang liu,汾水长流,Beijing Film Studio,Beijing,TRUE
hong he ji lang,红河激浪,Beijing Film Studio,Beijing,FALSE
zao chun er yue,早春二月,Beijing Film Studio,Beijing,TRUE
xiao bing zhang ga,小兵张嘎,Beijing Film Studio,Beijing,TRUE
chun yan zhan chi,春燕展翅,Beijing Film Studio,Beijing,TRUE
xiong mei tan bao,兄妹探宝,Haiyan Film Studio,Shanghai (state),FALSE
fei dao hua,飞刀华,Haiyan Film Studio,Shanghai (state),FALSE
ru ci die niang,如此爹娘,Haiyan Film Studio,Shanghai (state),FALSE
bei guo jiang nan,北国江南,Haiyan Film Studio,Shanghai (state),FALSE
shui shou zhang de gu shi,水手长的故事,Haiyan Film Studio,Shanghai (state),FALSE
hong ri,红日,Tianma Film Studio,Shanghai (state),TRUE
jin sha jiang pan,金沙江畔,Tianma Film Studio,Shanghai (state),TRUE
bao hu lu de mi mi,宝葫芦的秘密,Tianma Film Studio,Shanghai (state),TRUE
can hua gu niang,蚕花姑娘,Tianma Film Studio,Shanghai (state),FALSE
wu song,武松,Tianma Film Studio,Shanghai (state),TRUE
qiu mi,球迷,Tianma Film Studio,Shanghai (state),FALSE
ye huo chun feng dou gu cheng,野火春风斗古城,August First Film Studio,Beijing,TRUE
nong nu,农奴,August First Film Studio,Beijing,TRUE
nu chao,怒潮,August First Film Studio,Beijing,TRUE
zhua zhuang ding,抓壮丁,August First Film Studio,Beijing,TRUE
ge ming li shi ge qu biao yan chang,革命历史歌曲表演唱,August First Film Studio,Beijing,TRUE
duo yin,夺印,August First Film Studio,Beijing,
gen zong zhui ji,跟踪追击,Pearl River Film Studio,Canton,TRUE
qi shi er jia fang ke,七十二家房客,Pearl River Film Studio & Hong Kong Hongtu Film Company,Canton,FALSE
mao zi pei chuang gong,毛子佩闯宫,Pearl River Film Studio & Hong Kong Hongtu Film Company,Canton,TRUE
tao hua shan,桃花扇,Xi'an Film Studio,Xi'an,TRUE
du li da dui,独立大队,Changchun Film Studio,Northeast,FALSE
bing lin cheng xia,兵临城下,Changchun Film Studio,Northeast,TRUE
ying xiong er nv,英雄儿女,Changchun Film Studio,Northeast,TRUE
hong guan jia,红管家,Changchun Film Studio,Northeast,
hao xi fu,好媳妇,Changchun Film Studio,Northeast,TRUE
nan hai de zao chen,南海的早晨,Changchun Film Studio,Northeast,TRUE
nv tiao shui dui yuan,女跳水队员,Changchun Film Studio,Northeast,TRUE
cai die fen fei,彩蝶纷飞,Beijing Film Studio,Beijing,TRUE
xiao ling dang,小铃铛,Beijing Film Studio,Beijing,TRUE
qing nian lu ban,青年鲁班,Beijing Film Studio,Beijing,FALSE
xiao er hei jie hun,小二黑结婚,Beijing Film Studio,Beijing,FALSE
qian wan bu yao wang ji,千万不要忘记,Beijing Film Studio,Beijing,FALSE
cao yuan xiong ying,草原雄鹰,Beijing Film Studio,Beijing,FALSE
jian gan he bian,箭杆河边,Beijing Film Studio,Beijing,TRUE
qing shan lian,青山恋,Haiyan Film Studio,Shanghai (state),FALSE
a shi ma,阿诗玛,Haiyan Film Studio,Shanghai (state),TRUE
feng shou zhi hou,丰收之后,Haiyan Film Studio,Shanghai (state),FALSE
li shan zi,李善子,Haiyan Film Studio,Shanghai (state),
jia ting wen ti,家庭问题,Tianma Film Studio,Shanghai (state),FALSE
ni hong deng xia de shao bing,霓虹灯下的哨兵,Tianma Film Studio,Shanghai (state),FALSE
xue bei,血碑,Tianma Film Studio,Shanghai (state),
an bian ji lang,岸边激浪,August First Film Studio,Beijing,TRUE
dai bing de ren,带兵的人,August First Film Studio,Beijing,TRUE
lei feng,雷锋,August First Film Studio,Beijing,TRUE
fen shui ling,分水岭,August First Film Studio,Beijing,TRUE
xu ri dong sheng,旭日东升,August First Film Studio,Beijing,
dong feng wan li,东风万里,August First Film Studio,Beijing,
ni feng qian li,逆风千里,Pearl River Film Studio,Canton,FALSE
liu ming zhu,刘明珠,Pearl River Film Studio & Hong Kong Hongtu Film Company,Canton,TRUE
shan cun kuai ji,山村会计,Changchun Film Studio,Northeast,TRUE
san jin shan cheng,三进山城,Changchun Film Studio,Northeast,TRUE
jing po gu niang,景颇姑娘,Changchun Film Studio,Northeast,TRUE
“te kuai” lie che,“特快”列车,Changchun Film Studio,Northeast,TRUE
qing song ling,青松岭,Changchun Film Studio,Northeast,TRUE
lu kao,路考,Changchun Film Studio,Northeast,TRUE
chuan qiang ji,传枪记,Changchun Film Studio,Northeast,TRUE
bai shan xin ge,白山新歌,Changchun Film Studio,Northeast,TRUE
yi ke hong xin,一颗红心,Changchun Film Studio,Northeast,TRUE
jin yao chi,金钥匙,Changchun Film Studio,Northeast,TRUE
duo duo hong hua xiang tai yang,朵朵红花向太阳,Changchun Film Studio,Northeast,
jie zhen guo,节振国,Changchun Film Studio,Northeast,
lie huo zhong yong sheng,烈火中永生,Beijing Film Studio,Beijing,TRUE
mei dian xin gong ren,煤店新工人,Beijing Film Studio,Beijing,
shan cun jie mei,山村姐妹,Beijing Film Studio,Beijing,TRUE
hong se bei lou,红色背篓,Beijing Film Studio,Beijing,TRUE
long ma jing shen,龙马精神,Beijing Film Studio,Beijing,TRUE
hua bei qu ye yu hua ju wu tai yi shu pian (shang ji),华北区业余话剧舞台艺术片（上集）,Beijing Film Studio,Beijing,
hua bei qu ye yu hua ju wu tai yi shu pian (xia ji),华北区业余话剧舞台艺术片（下集）,Beijing Film Studio,Beijing,
mai niu 、ba gua yuan,买牛、扒瓜园,Beijing Film Studio,Beijing,TRUE
san duo xiao hong hua,三朵小红花,Beijing Film Studio,Beijing,TRUE
lang tao gun gun,浪涛滚滚,Beijing Film Studio,Beijing,TRUE
xiao zu qiu dui,小足球队,Haiyan Film Studio,Shanghai (state),TRUE
huang sha lv lang,黄沙绿浪,Haiyan Film Studio,Shanghai (state),TRUE
hong hua qu,红花曲,Haiyan Film Studio,Shanghai (state),
nong jia bao 、liang long di,农家宝、两垅地,Haiyan Film Studio,Shanghai (state),
zhe shi wo ying gai zuo de,这是我应该做的,Haiyan Film Studio,Shanghai (state),
gu sao lian wu,姑嫂练武,Haiyan Film Studio,Shanghai (state),
nian qing de yi dai,年青的一代,Tianma Film Studio,Shanghai (state),TRUE
gui tai,柜台,Tianma Film Studio,Shanghai (state),TRUE
wu tai jie mei,舞台姐妹,Tianma Film Studio,Shanghai (state),TRUE
xi qu ji jin,戏曲集锦,Tianma Film Studio,Shanghai (state),
shang hai zhi chun,上海之春,Tianma Film Studio,Shanghai (state),TRUE
fu jian gong yi xin hua,福建工艺新花,Shanghai Animation Film Studio,Shanghai (state),
shang hai shi shao nian er tong ge ming ge wu xuan ji,上海市少年儿童革命歌舞选辑,Shanghai Animation Film Studio,Shanghai (state),
da ji qin lve zhe,打击侵略者,August First Film Studio,Beijing,TRUE
ku cai hua,苦菜花,August First Film Studio,Beijing,TRUE
mi mi tu zhi,秘密图纸,August First Film Studio,Beijing,TRUE
di dao zhan,地道战,August First Film Studio,Beijing,TRUE
sheng li zai wang,胜利在望,August First Film Studio,Beijing,TRUE
jun ken zhan ge,军垦战歌,August First Film Studio,Beijing,
dong fang hong,东方红,August First Film Studio & Beijing Film Studio & Central Newsreel and Documentary Film Studio,Beijing,TRUE
shuang jiao zi,双教子,Pearl River Film Studio,Canton,TRUE
shan cun xin qu,山村新曲,Pearl River Film Studio,Canton,TRUE
da tong luo 、bu guo,打铜锣、补锅,Pearl River Film Studio,Canton,TRUE
hong mei ling,红梅岭,Xi'an Film Studio,Xi'an,TRUE
ren huan ma jiao,人欢马叫,Xi'an Film Studio,Xi'an,TRUE
jun ge liao liang,军歌嘹亮,Xi'an Film Studio,Xi'an,TRUE
ha er bin zhi xia,哈尔滨之夏,Changchun Film Studio,Northeast,
yan hong ling xia,雁鸿岭下,Changchun Film Studio,Northeast,
hong se you lu,红色邮路,Beijing Film Studio,Beijing,TRUE
nv fei xing yuan,女飞行员,Beijing Film Studio,Beijing,TRUE
hong shi zhong sheng,红石钟声,Beijing Film Studio,Beijing,TRUE
ta men zai cheng zhang,他们在成长,Haiyan Film Studio,Shanghai (state),
shang hai gong yi mei shu,上海工艺美术,Shanghai Animation Film Studio,Shanghai (state),
yi bai ge fang xin,一百个放心,August First Film Studio,Beijing,TRUE
qing chun hong si huo,青春红似火,August First Film Studio,Beijing,TRUE
you xiang,游乡,Pearl River Film Studio,Canton,
jie niu,借牛,Pearl River Film Studio,Canton,
song liang,送粮,Pearl River Film Studio,Canton,
da lang tao sha,大浪淘沙,Pearl River Film Studio,Canton,TRUE
yi dai mai zhong,一袋麦种,Pearl River Film Studio,Canton,
lao bao guan 、xin xi fu lai le,老保管、新媳妇来了,Xi'an Film Studio,Xi'an,TRUE
yi chuan xiang lian,一串项链,Xi'an Film Studio,Xi'an,TRUE